id,nombre,categoria,precio_carrefour,precio_coto,precio_dia,precio_jumbo,precio_changomas
P00001,Leche La Serenísima Entera 1L,Lácteos,1320.55,1480.22,1190.10,1650.44,1080.33
P00002,Leche La Serenísima Descremada 1L,Lácteos,1280.40,1520.33,1150.22,1700.55,1120.10
P00003,Leche Ilolay Entera 1L,Lácteos,1180.22,1350.10,1090.55,1500.33,980.44
P00004,Leche Ilolay Descremada 1L,Lácteos,1200.33,1380.44,1120.10,1550.55,1020.22
P00005,Leche Milkaut Entera 1L,Lácteos,1250.55,1400.22,1180.33,1600.44,1100.10
P00006,Leche Milkaut Descremada 1L,Lácteos,1230.44,1420.55,1160.22,1580.33,1080.77
P00007,Yogur La Serenísima Frutilla 1Kg,Lácteos,2100.22,2400.55,1850.33,2600.44,1950.10
P00008,Yogur La Serenísima Vainilla 1Kg,Lácteos,2050.33,2380.10,1820.55,2550.22,1900.44
P00009,Yogur Ilolay Frutilla 1Kg,Lácteos,1980.22,2300.44,1750.33,2500.55,1850.10
P00010,Yogur Ilolay Durazno 1Kg,Lácteos,2000.55,2320.33,1780.22,2520.44,1880.77
P00011,Manteca La Serenísima 200g,Lácteos,1850.22,2100.55,1600.33,2400.44,1700.10
P00012,Manteca Milkaut 200g,Lácteos,1800.33,2050.10,1580.55,2350.22,1680.44
P00013,Crema de Leche La Serenísima 200cc,Lácteos,950.22,1100.55,850.33,1300.44,780.10
P00014,Crema de Leche Milkaut 200cc,Lácteos,920.33,1080.10,830.55,1280.22,760.44
P00015,Queso Cremoso La Serenísima 1Kg,Lácteos,3500.22,3900.55,3100.33,4200.44,2950.10
P00016,Queso Cremoso Ilolay 1Kg,Lácteos,3400.33,3800.10,3000.55,4100.22,2850.44
P00017,Queso Barra La Serenísima 1Kg,Lácteos,4200.22,4600.55,3800.33,5000.44,3600.10
P00018,Queso Barra Milkaut 1Kg,Lácteos,4100.33,4550.10,3750.55,4950.22,3550.44
P00019,Queso Rallado La Serenísima 40g,Lácteos,750.22,880.55,650.33,990.44,590.10
P00020,Queso Rallado Milkaut 40g,Lácteos,720.33,850.10,630.55,960.22,570.44
P00021,Yerba Playadito 1Kg,Almacén,3500.22,3300.10,4200.55,3900.33,3100.44
P00022,Yerba Amanda 1Kg,Almacén,3300.33,3100.55,4000.22,3800.44,2950.10
P00023,Yerba Nobleza Gaucha 1Kg,Almacén,3100.22,2950.10,3800.55,3600.33,2800.44
P00024,Yerba Rosamonte 1Kg,Almacén,3600.33,3400.55,4300.22,4100.44,3200.10
P00025,Aceite Natura Girasol 900ml,Almacén,1800.22,1950.10,1650.55,2100.33,1500.44
P00026,Aceite Cocinero Girasol 900ml,Almacén,1750.33,1900.55,1600.22,2050.44,1480.10
P00027,Aceite Ideal Girasol 900ml,Almacén,1700.22,1850.10,1580.55,2000.33,1450.44
P00028,Arroz Gallo Oro 1Kg,Almacén,950.22,1100.55,780.33,1300.44,720.10
P00029,Arroz Dos Hermanos 1Kg,Almacén,900.33,1050.10,750.55,1250.22,700.44
P00030,Arroz Lucchetti 1Kg,Almacén,880.22,1020.55,740.33,1220.44,690.10
P00031,Fideos Matarazzo Tirabuzón 500g,Almacén,750.22,880.10,650.55,990.33,600.44
P00032,Fideos Lucchetti Spaghetti 500g,Almacén,720.33,850.55,630.22,960.44,580.10
P00033,Fideos Knorr Mostachol 500g,Almacén,700.22,820.10,610.55,940.33,560.44
P00034,Harina Blancaflor 0000 1Kg,Almacén,650.22,780.55,550.33,900.44,500.10
P00035,Harina Pureza 0000 1Kg,Almacén,630.33,760.10,540.55,880.22,490.44
P00036,Azúcar Ledesma 1Kg,Almacén,750.22,880.55,650.33,990.44,600.10
P00037,Azúcar Chango 1Kg,Almacén,720.33,850.10,630.55,960.22,580.44
P00038,Sal Dos Anclas 500g,Almacén,300.22,380.55,250.33,450.44,220.10
P00039,Sal Celusal 500g,Almacén,320.33,400.10,260.55,470.22,230.44
P00040,Gaseosa Coca Cola 2.25L,Bebidas,2100.22,2400.55,1850.33,2600.44,1950.10
P00041,Gaseosa Pepsi 2.25L,Bebidas,2000.33,2300.10,1750.55,2500.22,1850.44
P00042,Gaseosa Manaos Cola 2.25L,Bebidas,1500.22,1700.55,1300.33,1900.44,1200.10
P00043,Gaseosa Sprite 2.25L,Bebidas,2050.33,2350.10,1800.55,2550.22,1900.44
P00044,Gaseosa Fanta Naranja 2.25L,Bebidas,2000.22,2300.55,1750.33,2500.44,1850.10
P00045,Agua Mineral Villa del Sur 2L,Bebidas,900.22,1100.55,750.33,1300.44,700.10
P00046,Agua Mineral Eco de los Andes 2L,Bebidas,950.33,1150.10,780.55,1350.22,720.44
P00047,Jugo Baggio Multifruta 1L,Bebidas,850.22,980.55,700.33,1100.44,650.10
P00048,Jugo Cepita Naranja 1L,Bebidas,900.33,1050.10,720.55,1200.22,680.44
P00049,Cerveza Quilmes 1L,Bebidas,1800.22,2100.55,1600.33,2400.44,1500.10
P00050,Cerveza Brahma 1L,Bebidas,1700.33,2000.10,1550.55,2300.22,1450.44
P00051,Cerveza Andes Rubia 1L,Bebidas,1850.22,2150.55,1650.33,2450.44,1550.10
P00052,Pan Lactal Fargo 600g,Panificados,1200.22,1400.55,950.33,1600.44,900.10
P00053,Pan Lactal Bimbo 600g,Panificados,1180.33,1380.10,930.55,1580.22,880.44
P00054,Pan Lactal Lactal 600g,Panificados,1150.22,1350.55,900.33,1550.44,850.10
P00055,Pan de Campo Fargo 500g,Panificados,1300.33,1500.10,1050.55,1700.22,980.44
P00056,Pan Brioche Bimbo 500g,Panificados,1350.22,1550.55,1100.33,1750.44,1000.10
P00057,Pan Integral Fargo 600g,Panificados,1250.33,1450.10,1000.55,1650.22,950.44
P00058,Bizcochitos Don Satur 200g,Panificados,900.22,1100.55,750.33,1300.44,700.10
P00059,Bizcochitos 9 de Oro 200g,Panificados,880.33,1080.10,720.55,1280.22,680.44
P00060,Galletitas Chocolinas 170g,Panificados,950.22,1200.55,800.33,1400.44,750.10
P00061,Galletitas Oreo 118g,Panificados,1000.33,1250.10,850.55,1450.22,800.44
P00062,Galletitas Criollitas 100g,Panificados,700.22,900.55,550.33,1100.44,500.10
P00063,Galletitas Express 100g,Panificados,680.33,880.10,530.55,1080.22,480.44
P00064,Detergente Magistral Limón 750ml,Limpieza,1800.22,2100.55,1500.33,2400.44,1400.10
P00065,Detergente Ala Ultra 750ml,Limpieza,1750.33,2050.10,1480.55,2350.22,1380.44
P00066,Detergente Ayudín Limón 750ml,Limpieza,1700.22,2000.55,1450.33,2300.44,1350.10
P00067,Limpiador CIF Crema 500ml,Limpieza,1600.33,1900.10,1400.55,2200.22,1300.44
P00068,Limpiador Mr Músculo Baño 500ml,Limpieza,1650.22,1950.55,1450.33,2250.44,1350.10
P00069,Limpiador Ayudín Cocina 500ml,Limpieza,1580.33,1880.10,1380.55,2180.22,1280.44
P00070,Suavizante Vivere Primavera 900ml,Limpieza,2200.22,2500.55,1900.33,2800.44,1800.10
P00071,Suavizante Comfort Azul 900ml,Limpieza,2150.33,2450.10,1850.55,2750.22,1750.44
P00072,Suavizante Ala Floral 900ml,Limpieza,2100.22,2400.55,1800.33,2700.44,1700.10
P00073,Desinfectante Lysoform Aerosol 360ml,Limpieza,2500.33,2800.10,2200.55,3100.22,2100.44
P00074,Desinfectante Ayudín Aerosol 360ml,Limpieza,2450.22,2750.55,2150.33,3050.44,2050.10
P00075,Limpiavidrios CIF Vidrios 500ml,Limpieza,1500.33,1800.10,1300.55,2100.22,1200.44
P00076,Limpiador Mr Músculo Cocina 500ml,Limpieza,1700.22,1980.55,1500.33,2250.44,1400.10
P00077,Limpiador Ayudín Baño 500ml,Limpieza,1650.33,1950.10,1480.55,2200.22,1380.44
P00078,Limpiador CIF Antigrasa 500ml,Limpieza,1750.22,2050.55,1550.33,2350.44,1450.10
P00079,Desinfectante Lysoform Lavanda 360ml,Limpieza,2550.33,2850.10,2250.55,3150.22,2150.44
P00080,Desinfectante Ayudín Citrus 360ml,Limpieza,2500.22,2800.55,2200.33,3100.44,2100.10
P00081,Limpiador Poett Primavera 900ml,Limpieza,1900.33,2200.10,1650.55,2500.22,1550.44
P00082,Limpiador Poett Lavanda 900ml,Limpieza,1880.22,2180.55,1620.33,2480.44,1520.10
P00083,Limpiador Poett Naranja 900ml,Limpieza,1850.33,2150.10,1600.55,2450.22,1500.44
P00084,Detergente Magistral Original 750ml,Limpieza,1850.22,2150.55,1550.33,2450.44,1450.10
P00085,Detergente Ala Limón 750ml,Limpieza,1800.33,2100.10,1500.55,2400.22,1400.44
P00086,Detergente Ayudín Original 750ml,Limpieza,1750.22,2050.55,1480.33,2350.44,1380.10
P00087,Suavizante Vivere Cielo 900ml,Limpieza,2250.33,2550.10,1950.55,2850.22,1850.44
P00088,Suavizante Comfort Jazmín 900ml,Limpieza,2200.22,2500.55,1900.33,2800.44,1800.10
P00089,Suavizante Ala Primavera 900ml,Limpieza,2150.33,2450.10,1850.55,2750.22,1750.44
P00090,Shampoo Sedal Ceramidas 400ml,Higiene,1800.22,2100.55,1500.33,2400.44,1400.10
P00091,Shampoo Sedal Rizos 400ml,Higiene,1850.33,2150.10,1550.55,2450.22,1450.44
P00092,Shampoo Pantene Restauración 400ml,Higiene,2200.22,2500.55,1900.33,2800.44,1800.10
P00093,Shampoo Pantene Liso Extremo 400ml,Higiene,2250.33,2550.10,1950.55,2850.22,1850.44
P00094,Shampoo Head & Shoulders Mentol 375ml,Higiene,2400.22,2700.55,2100.33,3000.44,2000.10
P00095,Shampoo Head & Shoulders Suave 375ml,Higiene,2350.33,2650.10,2050.55,2950.22,1950.44
P00096,Acondicionador Sedal Ceramidas 400ml,Higiene,1850.22,2150.55,1550.33,2450.44,1450.10
P00097,Acondicionador Pantene Restauración 400ml,Higiene,2300.33,2600.10,2000.55,2900.22,1900.44
P00098,Acondicionador Head & Shoulders Suave 375ml,Higiene,2450.22,2750.55,2150.33,3050.44,2050.10
P00099,Jabón Dove Original 90g,Higiene,650.22,780.55,550.33,900.44,500.10
P00100,Jabón Dove Karité 90g,Higiene,680.33,820.10,580.55,940.22,520.44
P00101,Jabón Rexona Antibacterial 90g,Higiene,600.22,750.55,520.33,880.44,480.10
P00102,Jabón Rexona Sport 90g,Higiene,620.33,770.10,540.55,900.22,500.44
P00103,Desodorante Rexona Hombre 150ml,Higiene,1800.22,2100.55,1500.33,2400.44,1400.10
P00104,Desodorante Rexona Mujer 150ml,Higiene,1750.33,2050.10,1480.55,2350.22,1380.44
P00105,Desodorante Dove Original 150ml,Higiene,1900.22,2200.55,1600.33,2500.44,1500.10
P00106,Desodorante Dove Go Fresh 150ml,Higiene,1950.33,2250.10,1650.55,2550.22,1550.44
P00107,Desodorante Nivea Fresh 150ml,Higiene,1850.22,2150.55,1550.33,2450.44,1450.10
P00108,Desodorante Nivea Black & White 150ml,Higiene,2000.33,2300.10,1700.55,2600.22,1600.44
P00109,Pasta Dental Colgate Total 90g,Higiene,950.22,1100.55,780.33,1300.44,720.10
P00110,Pasta Dental Colgate Triple Acción 90g,Higiene,900.33,1050.10,750.55,1250.22,700.44
P00111,Pasta Dental Sensodyne Original 90g,Higiene,1800.22,2100.55,1500.33,2400.44,1400.10
P001112,Pasta Dental Sensodyne Rápido 90g,Higiene,1850.33,2150.10,1550.55,2450.22,1450.44
P00113,Enjuague Bucal Listerine Cool Mint 250ml,Higiene,1600.22,1900.55,1400.33,2200.44,1300.10
P00114,Enjuague Bucal Listerine Fresh Burst 250ml,Higiene,1650.33,1950.10,1450.55,2250.22,1350.44
P00115,Enjuague Bucal Colgate Plax 250ml,Higiene,1500.22,1800.55,1300.33,2100.44,1200.10
P00116,Enjuague Bucal Colgate Plax Ice 250ml,Higiene,1550.33,1850.10,1350.55,2150.22,1250.44
P00117,Toallas Femeninas Always Nocturna 8u,Higiene,1200.22,1450.55,950.33,1700.44,900.10
P00118,Toallas Femeninas Always Ultrafina 8u,Higiene,1250.33,1500.10,1000.55,1750.22,950.44
P00119,Toallas Femeninas Nosotras Nocturna 8u,Higiene,1150.22,1400.55,900.33,1650.44,850.10
P00120,Toallas Femeninas Nosotras Ultrafina 8u,Higiene,1180.33,1450.10,930.55,1680.22,880.44
P00121,Pañales Pampers Confort Sec XG 30u,Higiene,6500.22,7200.55,5800.33,7800.44,5600.10
P00122,Pañales Pampers Premium Care XG 30u,Higiene,7000.33,7600.10,6200.55,8200.22,6000.44
P00123,Pañales Huggies Active Sec XG 30u,Higiene,6300.22,7000.55,5600.33,7600.44,5400.10
P00124,Pañales Huggies Supreme XG 30u,Higiene,6800.33,7400.10,6000.55,8000.22,5800.44
P00125,Algodón Estrella 100g,Higiene,500.22,650.55,400.33,800.44,350.10
P00126,Algodón Bella 100g,Higiene,480.33,630.10,380.55,780.22,330.44
P00127,Hisopos Estrella 100u,Higiene,450.22,600.55,350.33,750.44,300.10
P00128,Hisopos Bella 100u,Higiene,430.33,580.10,330.55,730.22,280.44
P00129,Alcohol en Gel Ayudín 250ml,Higiene,900.22,1100.55,750.33,1300.44,700.10
P00130,Alcohol en Gel Farmacity 250ml,Higiene,850.33,1050.10,720.55,1250.22,680.44
P00131,Crema Nivea Soft 100ml,Higiene,1800.22,2100.55,1500.33,2400.44,1400.10
P00132,Crema Nivea Original 100ml,Higiene,1750.33,2050.10,1480.55,2350.22,1380.44
P00133,Crema Dove Nutrición 100ml,Higiene,1900.22,2200.55,1600.33,2500.44,1500.10
P00134,Crema Dove Reafirmante 100ml,Higiene,1950.33,2250.10,1650.55,2550.22,1550.44
P00135,Protector Solar Nivea FPS50 200ml,Higiene,4500.22,5000.55,3800.33,5500.44,3600.10
P00136,Protector Solar Banana Boat FPS50 200ml,Higiene,4800.33,5200.10,4000.55,5800.22,3900.44
P00137,Protector Solar Dermaglós FPS50 200ml,Higiene,4700.22,5100.55,3900.33,5700.44,3800.10
P00138,Protector Solar Dermaglós FPS30 200ml,Higiene,4300.33,4800.10,3600.55,5300.22,3500.44
P00139,Crema Corporal Dove 400ml,Higiene,3200.22,3600.55,2800.33,4000.44,2700.10
P00140,Crema Corporal Nivea 400ml,Higiene,3100.33,3500.10,2700.55,3900.22,2600.44
P00141,Crema Corporal Pond’s 400ml,Higiene,3000.22,3400.55,2600.33,3800.44,2500.10
P00142,Crema Corporal Bagóvit A 400ml,Higiene,3500.33,3900.10,3100.55,4300.22,3000.44
P00143,Shampoo Dove Reconstrucción 400ml,Higiene,2100.22,2400.55,1800.33,2700.44,1700.10
P00144,Shampoo Dove Hidratación 400ml,Higiene,2150.33,2450.10,1850.55,2750.22,1750.44
P00145,Shampoo Dove Control Caída 400ml,Higiene,2200.22,2500.55,1900.33,2800.44,1800.10
P00146,Acondicionador Dove Reconstrucción 400ml,Higiene,2250.33,2550.10,1950.55,2850.22,1850.44
P00147,Acondicionador Dove Hidratación 400ml,Higiene,2300.22,2600.55,2000.33,2900.44,1900.10
P00148,Acondicionador Dove Control Caída 400ml,Higiene,2350.33,2650.10,2050.55,2950.22,1950.44
P00149,Shampoo Pantene Rizos Definidos 400ml,Higiene,2400.22,2700.55,2100.33,3000.44,2000.10
P00150,Acondicionador Pantene Rizos Definidos 400ml,Higiene,2450.33,2750.10,2150.55,3050.22,2050.44
P00151,Crema Corporal Nivea Soft 400ml,Higiene,3300.22,3700.55,2900.33,4100.44,2800.10
P00152,Crema Corporal Dove Nutritiva 400ml,Higiene,3400.33,3800.10,3000.55,4200.22,2900.44
P00153,Crema Corporal Pond’s Nutritiva 400ml,Higiene,3200.22,3600.55,2800.33,4000.44,2700.10
P00154,Crema Corporal Bagóvit E 400ml,Higiene,3600.33,4000.10,3200.55,4400.22,3100.44
P00155,Protector Solar Nivea Kids FPS50 200ml,Higiene,4800.22,5200.55,4000.33,5800.44,3900.10
P00156,Protector Solar Dermaglós Kids FPS50 200ml,Higiene,4900.33,5300.10,4100.55,5900.22,4000.44
P00157,Protector Solar Banana Boat Kids FPS50 200ml,Higiene,5000.22,5400.55,4200.33,6000.44,4100.10
P00158,Shampoo Sedal Brillo 400ml,Higiene,1900.22,2200.55,1600.33,2500.44,1500.10
P00159,Shampoo Sedal Detox 400ml,Higiene,1950.33,2250.10,1650.55,2550.22,1550.44
P00160,Shampoo Pantene Fuerza 400ml,Higiene,2300.22,2600.55,2000.33,2900.44,1900.10
P00161,Shampoo Pantene Hidratación 400ml,Higiene,2350.33,2650.10,2050.55,2950.22,1950.44
P00162,Shampoo Head & Shoulders Anticaspa 375ml,Higiene,2500.22,2800.55,2200.33,3100.44,2100.10
P00163,Producto Único 00001,Higiene,2450.33,2750.10,2150.55,3050.22,2050.44
P00164,Acondicionador Sedal Brillo 400ml,Higiene,1950.22,2250.55,1650.33,2550.44,1550.10
P00165,Acondicionador Sedal Detox 400ml,Higiene,2000.33,2300.10,1700.55,2600.22,1600.44
P00166,Acondicionador Pantene Fuerza 400ml,Higiene,2400.22,2700.55,2100.33,3000.44,2000.10
P00167,Acondicionador Pantene Hidratación 400ml,Higiene,2450.33,2750.10,2150.55,3050.22,2050.44
P00168,Acondicionador Head & Shoulders Anticaspa 375ml,Higiene,2550.22,2850.55,2250.33,3150.44,2150.10
P00169,Producto Único 00002,Higiene,2500.33,2800.10,2200.55,3100.22,2100.44
P00170,Desodorante Dove Men Sport 150ml,Higiene,2000.22,2300.55,1700.33,2600.44,1600.10
P00171,Desodorante Dove Men Invisible 150ml,Higiene,2050.33,2350.10,1750.55,2650.22,1650.44
P00172,Desodorante Rexona Men V8 150ml,Higiene,1900.22,2200.55,1600.33,2500.44,1500.10
P00173,Desodorante Rexona Men Antibacterial 150ml,Higiene,1950.33,2250.10,1650.55,2550.22,1550.44
P00174,Desodorante Nivea Men Fresh 150ml,Higiene,2100.22,2400.55,1800.33,2700.44,1700.10
P00175,Desodorante Nivea Men Black & White 150ml,Higiene,2150.33,2450.10,1850.55,2750.22,1750.44
P00176,Crema Facial Pond’s Antiage 50g,Higiene,3500.22,3900.55,3100.33,4300.44,3000.10
P00177,Crema Facial Nivea Antiarrugas 50g,Higiene,3600.33,4000.10,3200.55,4400.22,3100.44
P00178,Crema Facial Dove Nutritiva 50g,Higiene,3400.22,3800.55,3000.33,4200.44,2900.10
P00179,Crema Facial Bagóvit Pro Lifting 50g,Higiene,3800.33,4200.10,3400.55,4600.22,3300.44
P00180,Protector Labial Nivea Cereza 4.8g,Higiene,900.22,1100.55,750.33,1300.44,700.10
P00181,Protector Labial Nivea Original 4.8g,Higiene,880.33,1080.10,720.55,1280.22,680.44
P00182,Protector Labial Carmex Original 4.8g,Higiene,1200.22,1450.55,950.33,1700.44,900.10
P00183,Protector Labial Carmex Cereza 4.8g,Higiene,1250.33,1500.10,1000.55,1750.22,950.44
P00184,Toallas Húmedas Huggies 48u,Higiene,950.22,1150.55,780.33,1350.44,720.10
P00185,Toallas Húmedas Pampers 48u,Higiene,1000.33,1200.10,820.55,1400.22,760.44
P00186,Toallas Húmedas Johnson’s 48u,Higiene,980.22,1180.55,800.33,1380.44,740.10
P00187,Toallas Húmedas Babysec 48u,Higiene,920.33,1120.10,760.55,1320.22,700.44
P00188,Algodón Estrella 200g,Higiene,900.22,1100.55,750.33,1300.44,700.10
P00189,Algodón Bella 200g,Higiene,880.33,1080.10,720.55,1280.22,680.44
P00190,Hisopos Estrella 200u,Higiene,700.22,900.55,550.33,1100.44,500.10
P00191,Hisopos Bella 200u,Higiene,680.33,880.10,530.55,1080.22,480.44
P00192,Alcohol en Gel Ayudín 500ml,Higiene,1500.22,1800.55,1300.33,2100.44,1200.10
P00193,Alcohol en Gel Farmacity 500ml,Higiene,1450.33,1750.10,1250.55,2050.22,1150.44
P00194,Crema Corporal Nivea Soft 200ml,Higiene,2000.22,2300.55,1700.33,2600.44,1600.10
P00195,Crema Corporal Dove Nutritiva 200ml,Higiene,2100.33,2400.10,1800.55,2700.22,1700.44
P00196,Crema Corporal Pond’s Nutritiva 200ml,Higiene,1950.22,2250.55,1650.33,2550.44,1550.10
P00197,Crema Corporal Bagóvit A 200ml,Higiene,2200.33,2500.10,1900.55,2800.22,1800.44
P00198,Protector Solar Nivea FPS30 200ml,Higiene,4200.22,4600.55,3500.33,5000.44,3400.10
P00199,Producto Único 00003,Higiene,4300.33,4700.10,3600.55,5100.22,3500.44
P00200,Protector Solar Banana Boat FPS30 200ml,Higiene,4400.22,4800.55,3700.33,5200.44,3600.10
P00201,Shampoo Dove Nutrición 400ml,Higiene,2250.22,2550.55,1950.33,2850.44,1850.10
P00202,Shampoo Dove Brillo 400ml,Higiene,2300.33,2600.10,2000.55,2900.22,1900.44
P00203,Shampoo Dove Detox 400ml,Higiene,2350.22,2650.55,2050.33,2950.44,1950.10
P00204,Acondicionador Dove Nutrición 400ml,Higiene,2400.33,2700.10,2100.55,3000.22,2000.44
P00205,Acondicionador Dove Brillo 400ml,Higiene,2450.22,2750.55,2150.33,3050.44,2050.10
P00206,Acondicionador Dove Detox 400ml,Higiene,2500.33,2800.10,2200.55,3100.22,2100.44
P00207,Shampoo Pantene Control Caída 400ml,Higiene,2400.22,2700.55,2100.33,3000.44,2000.10
P00208,Shampoo Pantene Brillo Extremo 400ml,Higiene,2450.33,2750.10,2150.55,3050.22,2050.44
P00209,Acondicionador Pantene Control Caída 400ml,Higiene,2500.22,2800.55,2200.33,3100.44,2100.10
P00210,Acondicionador Pantene Brillo Extremo 400ml,Higiene,2550.33,2850.10,2250.55,3150.22,2150.44
P00211,Shampoo Head & Shoulders Limpieza 375ml,Higiene,2550.22,2850.55,2250.33,3150.44,2150.10
P00212,Shampoo Head & Shoulders Hidratación 375ml,Higiene,2600.33,2900.10,2300.55,3200.22,2200.44
P00213,Acondicionador Head & Shoulders Limpieza 375ml,Higiene,2650.22,2950.55,2350.33,3250.44,2250.10
P00214,Acondicionador Head & Shoulders Hidratación 375ml,Higiene,2700.33,3000.10,2400.55,3300.22,2300.44
P00215,Desodorante Dove Powder Soft 150ml,Higiene,2050.22,2350.55,1750.33,2650.44,1650.10
P00216,Desodorante Dove Fresh 150ml,Higiene,2100.33,2400.10,1800.55,2700.22,1700.44
P00217,Desodorante Rexona Bamboo 150ml,Higiene,1950.22,2250.55,1650.33,2550.44,1550.10
P00218,Desodorante Rexona Cotton 150ml,Higiene,2000.33,2300.10,1700.55,2600.22,1600.44
P00219,Desodorante Nivea Pearl & Beauty 150ml,Higiene,2150.22,2450.55,1850.33,2750.44,1750.10
P00220,Desodorante Nivea Fresh Natural 150ml,Higiene,2200.33,2500.10,1900.55,2800.22,1800.44
P00221,Crema Facial Nivea Q10 50g,Higiene,3800.22,4200.55,3400.33,4600.44,3300.10
P00222,Crema Facial Pond’s Rejuveness 50g,Higiene,3700.33,4100.10,3300.55,4500.22,3200.44
P00223,Crema Facial Dove Antiage 50g,Higiene,3600.22,4000.55,3200.33,4400.44,3100.10
P00224,Producto Único 00004,Higiene,3900.33,4300.10,3500.55,4700.22,3400.44
P00225,Protector Labial Nivea Med 4.8g,Higiene,950.22,1150.55,780.33,1350.44,720.10
P00226,Protector Labial Carmex Menta 4.8g,Higiene,1300.22,1550.55,1050.33,1800.44,950.10
P00227,Protector Labial Nivea Sun FPS30 4.8g,Higiene,1400.33,1650.10,1150.55,1900.22,1050.44
P00228,Protector Labial Dermaglós FPS30 4.8g,Higiene,1500.22,1750.55,1250.33,2000.44,1150.10
P00229,Crema Facial Nivea Nutritiva 100ml,Higiene,2500.33,2800.10,2100.55,3100.22,2000.44
P00230,Crema Facial Pond’s Nutritiva 100ml,Higiene,2400.22,2700.55,2000.33,3000.44,1900.10
P00231,Crema Facial Dove Nutritiva 100ml,Higiene,2550.33,2850.10,2150.55,3150.22,2050.44
P00232,Crema Facial Bagóvit A 100ml,Higiene,2600.22,2900.55,2200.33,3200.44,2100.10
P00233,Crema Facial Bagóvit E 100ml,Higiene,2650.33,2950.10,2250.55,3250.22,2150.44
P00234,Protector Solar Nivea FPS15 200ml,Higiene,3800.22,4200.55,3400.33,4600.44,3300.10
P00235,Protector Solar Dermaglós FPS15 200ml,Higiene,3900.33,4300.10,3500.55,4700.22,3400.44
P00236,Protector Solar Banana Boat FPS15 200ml,Higiene,4000.22,4400.55,3600.33,4800.44,3500.10
P00237,Shampoo Sedal Purificación 400ml,Higiene,2000.22,2300.55,1700.33,2600.44,1600.10
P00238,Shampoo Sedal Hidratación 400ml,Higiene,2050.33,2350.10,1750.55,2650.22,1650.44
P00239,Shampoo Pantene Volumen 400ml,Higiene,2400.22,2700.55,2100.33,3000.44,2000.10
P00240,Shampoo Pantene Suave 400ml,Higiene,2450.33,2750.10,2150.55,3050.22,2050.44
P00241,Shampoo Head & Shoulders Detox 375ml,Higiene,2600.22,2900.55,2300.33,3200.44,2200.10
P00242,Shampoo Head & Shoulders Fuerza 375ml,Higiene,2650.33,2950.10,2350.55,3250.22,2250.44
P00243,Acondicionador Sedal Purificación 400ml,Higiene,2050.22,2350.55,1750.33,2650.44,1650.10
P00244,Acondicionador Sedal Hidratación 400ml,Higiene,2100.33,2400.10,1800.55,2700.22,1700.44
P00245,Acondicionador Pantene Volumen 400ml,Higiene,2500.22,2800.55,2200.33,3100.44,2100.10
P00246,Acondicionador Pantene Suave 400ml,Higiene,2550.33,2850.10,2250.55,3150.22,2150.44
P00247,Acondicionador Head & Shoulders Detox 375ml,Higiene,2700.22,3000.55,2400.33,3300.44,2300.10
P00248,Acondicionador Head & Shoulders Fuerza 375ml,Higiene,2750.33,3050.10,2450.55,3350.22,2350.44
P00249,Desodorante Dove Men Clean 150ml,Higiene,2100.22,2400.55,1800.33,2700.44,1700.10
P00250,Desodorante Dove Men Fresh 150ml,Higiene,2150.33,2450.10,1850.55,2750.22,1750.44
P00251,Desodorante Rexona Men Sport 150ml,Higiene,2000.22,2300.55,1700.33,2600.44,1600.10
P00252,Desodorante Rexona Men Fresh 150ml,Higiene,2050.33,2350.10,1750.55,2650.22,1650.44
P00253,Desodorante Nivea Men Active 150ml,Higiene,2200.22,2500.55,1900.33,2800.44,1800.10
P00254,Desodorante Nivea Men Cool Kick 150ml,Higiene,2250.33,2550.10,1950.55,2850.22,1850.44
P00255,Crema Facial Pond’s Hidratante 100ml,Higiene,2500.22,2800.55,2100.33,3100.44,2000.10
P00256,Crema Facial Nivea Hidratante 100ml,Higiene,2600.33,2900.10,2200.55,3200.22,2100.44
P00257,Crema Facial Dove Hidratante 100ml,Higiene,2550.22,2850.55,2150.33,3150.44,2050.10
P00258,Crema Facial Bagóvit Hidratante 100ml,Higiene,2700.33,3000.10,2300.55,3300.22,2200.44
P00259,Protector Solar Nivea Kids FPS30 200ml,Higiene,4600.22,5000.55,3800.33,5400.44,3600.10
P00260,Protector Solar Dermaglós Kids FPS30 200ml,Higiene,4700.33,5100.10,3900.55,5500.22,3700.44
P00261,Protector Solar Banana Boat Kids FPS30 200ml,Higiene,4800.22,5200.55,4000.33,5600.44,3800.10
P00262,Shampoo Sedal Fuerza 400ml,Higiene,2100.22,2400.55,1800.33,2700.44,1700.10
P00263,Shampoo Sedal Suavidad 400ml,Higiene,2150.33,2450.10,1850.55,2750.22,1750.44
P00264,Shampoo Pantene Nutrición 400ml,Higiene,2500.22,2800.55,2200.33,3100.44,2100.10
P00265,Shampoo Pantene Brillo 400ml,Higiene,2550.33,2850.10,2250.55,3150.22,2150.44
P00266,Producto Único 00005,Higiene,2700.22,3000.55,2400.33,3300.44,2300.10
P00267,Producto Único 00006,Higiene,2750.33,3050.10,2450.55,3350.22,2350.44
P00268,Acondicionador Sedal Fuerza 400ml,Higiene,2150.22,2450.55,1850.33,2750.44,1750.10
P00269,Acondicionador Sedal Suavidad 400ml,Higiene,2200.33,2500.10,1900.55,2800.22,1800.44
P00270,Acondicionador Pantene Nutrición 400ml,Higiene,2600.22,2900.55,2300.33,3200.44,2200.10
P00271,Acondicionador Pantene Brillo 400ml,Higiene,2650.33,2950.10,2350.55,3250.22,2250.44
P00272,Producto Único 00007,Higiene,2800.22,3100.55,2500.33,3400.44,2400.10
P00273,Acondicionador Head & Shoulders Mentol 375ml,Higiene,2850.33,3150.10,2550.55,3450.22,2450.44
P00274,Desodorante Dove Men Clean Comfort 150ml,Higiene,2200.22,2500.55,1900.33,2800.44,1800.10
P00275,Desodorante Dove Men Invisible Dry 150ml,Higiene,2250.33,2550.10,1950.55,2850.22,1850.44
P00276,Desodorante Rexona Men Xtra Cool 150ml,Higiene,2100.22,2400.55,1800.33,2700.44,1700.10
P00277,Desodorante Rexona Men Sport Fresh 150ml,Higiene,2150.33,2450.10,1850.55,2750.22,1750.44
P00278,Desodorante Nivea Men Fresh Active 150ml,Higiene,2300.22,2600.55,2000.33,2900.44,1900.10
P00279,Desodorante Nivea Men Cool Fresh 150ml,Higiene,2350.33,2650.10,2050.55,2950.22,1950.44
P00280,Crema Facial Pond’s Antiarrugas 100ml,Higiene,2700.22,3000.55,2300.33,3300.44,2200.10
P00281,Crema Facial Nivea Antiarrugas 100ml,Higiene,2800.33,3100.10,2400.55,3400.22,2300.44
P00282,Crema Facial Dove Antiarrugas 100ml,Higiene,2750.22,3050.55,2350.33,3350.44,2250.10
P00283,Crema Facial Bagóvit Antiarrugas 100ml,Higiene,2900.33,3200.10,2500.55,3500.22,2400.44
P00284,Protector Labial Nivea Cuidado 4.8g,Higiene,1000.22,1200.55,850.33,1400.44,800.10
P00285,Protector Labial Carmex Cuidado 4.8g,Higiene,1100.33,1300.10,900.55,1500.22,850.44
P00286,Protector Labial Dermaglós Cuidado 4.8g,Higiene,1150.22,1350.55,950.33,1550.44,900.10
P00287,Toallas Húmedas Huggies Aloe 48u,Higiene,1000.33,1200.10,820.55,1400.22,760.44
P00288,Toallas Húmedas Pampers Aloe 48u,Higiene,1050.22,1250.55,850.33,1450.44,800.10
P00289,Toallas Húmedas Johnson’s Aloe 48u,Higiene,1020.33,1220.10,830.55,1420.22,780.44
P00290,Toallas Húmedas Babysec Aloe 48u,Higiene,980.22,1180.55,800.33,1380.44,740.10
P00291,Algodón Estrella 300g,Higiene,1200.22,1400.55,1000.33,1600.44,950.10
P00292,Algodón Bella 300g,Higiene,1150.33,1350.10,950.55,1550.22,900.44
P00293,Hisopos Estrella 300u,Higiene,850.22,1050.55,700.33,1250.44,650.10
P00294,Hisopos Bella 300u,Higiene,820.33,1020.10,680.55,1220.22,630.44
P00295,Alcohol en Gel Ayudín 1L,Higiene,2500.22,2800.55,2200.33,3100.44,2100.10
P00296,Alcohol en Gel Farmacity 1L,Higiene,2450.33,2750.10,2150.55,3050.22,2050.44
P00297,Crema Corporal Nivea Soft 500ml,Higiene,3500.22,3800.55,3000.33,4100.44,2900.10
P00298,Crema Corporal Dove Nutritiva 500ml,Higiene,3600.33,3900.10,3100.55,4200.22,3000.44
P00299,Crema Corporal Pond’s Nutritiva 500ml,Higiene,3450.22,3750.55,2950.33,4050.44,2850.10
P00300,Crema Corporal Bagóvit A 500ml,Higiene,3700.33,4000.10,3200.55,4300.22,3100.44
P00301,Helado Grido Vainilla 1L,Congelados,2500.22,2800.55,2100.33,3100.44,2000.10
P00302,Helado Grido Chocolate 1L,Congelados,2550.33,2850.10,2150.55,3150.22,2050.44
P00303,Helado Grido Frutilla 1L,Congelados,2480.22,2780.55,2080.33,3080.44,1980.10
P00304,Helado Arcor Vainilla 1L,Congelados,2600.33,2900.10,2200.55,3200.22,2100.44
P00305,Helado Arcor Chocolate 1L,Congelados,2650.22,2950.55,2250.33,3250.44,2150.10
P00306,Helado Arcor Dulce de Leche 1L,Congelados,2700.33,3000.10,2300.55,3300.22,2200.44
P00307,Helado La Veneciana Americana 1L,Congelados,2400.22,2700.55,2000.33,3000.44,1900.10
P00308,Helado La Veneciana Frutilla 1L,Congelados,2450.33,2750.10,2050.55,3050.22,1950.44
P00309,Helado La Veneciana Chocolate 1L,Congelados,2500.22,2800.55,2100.33,3100.44,2000.10
P00310,Patitas Granja del Sol 500g,Congelados,3200.22,3500.55,2800.33,3800.44,2700.10
P00311,Patitas Swift 500g,Congelados,3300.33,3600.10,2900.55,3900.22,2800.44
P00312,Patitas Sadia 500g,Congelados,3250.22,3550.55,2850.33,3850.44,2750.10
P00313,Medallones de Pollo Granja del Sol 4u,Congelados,2900.22,3200.55,2500.33,3500.44,2400.10
P00314,Medallones de Pollo Swift 4u,Congelados,2950.33,3250.10,2550.55,3550.22,2450.44
P00315,Medallones de Pollo Sadia 4u,Congelados,3000.22,3300.55,2600.33,3600.44,2500.10
P00316,Empanados de Pollo Granja del Sol 500g,Congelados,3100.33,3400.10,2700.55,3700.22,2600.44
P00317,Empanados de Pollo Swift 500g,Congelados,3150.22,3450.55,2750.33,3750.44,2650.10
P00318,Empanados de Pollo Sadia 500g,Congelados,3200.33,3500.10,2800.55,3800.22,2700.44
P00319,Vegetales Congelados Arcor Mix 500g,Congelados,1800.22,2100.55,1500.33,2400.44,1400.10
P00320,Vegetales Congelados Arcor Brócoli 500g,Congelados,1850.33,2150.10,1550.55,2450.22,1450.44
P00321,Vegetales Congelados Arcor Choclo 500g,Congelados,1750.22,2050.55,1450.33,2350.44,1350.10
P00322,Papas Congeladas McCain Tradicional 1Kg,Congelados,2600.22,2900.55,2200.33,3200.44,2100.10
P00323,Papas Congeladas McCain Corte Fino 1Kg,Congelados,2650.33,2950.10,2250.55,3250.22,2150.44
P00324,Papas Congeladas McCain Noisette 1Kg,Congelados,2700.22,3000.55,2300.33,3300.44,2200.10
P00325,Papas Congeladas Granja del Sol 1Kg,Congelados,2550.33,2850.10,2150.55,3150.22,2050.44
P00326,Papas Congeladas Swift 1Kg,Congelados,2500.22,2800.55,2100.33,3100.44,2000.10
P00327,Papas Congeladas Sadia 1Kg,Congelados,2450.33,2750.10,2050.55,3050.22,1950.44
P00328,Helado Frigor Crema Americana 1L,Congelados,2600.22,2900.55,2200.33,3200.44,2100.10
P00329,Helado Frigor Dulce de Leche 1L,Congelados,2650.33,2950.10,2250.55,3250.22,2150.44
P00330,Helado Frigor Chocolate 1L,Congelados,2700.22,3000.55,2300.33,3300.44,2200.10
P00331,Helado Frigor Frutilla 1L,Congelados,2550.33,2850.10,2150.55,3150.22,2050.44
P00332,Helado La Montevideana Americana 1L,Congelados,2500.22,2800.55,2100.33,3100.44,2000.10
P00333,Helado La Montevideana Chocolate 1L,Congelados,2550.33,2850.10,2150.55,3150.22,2050.44
P00334,Helado La Montevideana Frutilla 1L,Congelados,2480.22,2780.55,2080.33,3080.44,1980.10
P00335,Helado Freddo Dulce de Leche 1L,Congelados,3500.22,3800.55,3000.33,4100.44,2900.10
P00336,Helado Freddo Chocolate 1L,Congelados,3600.33,3900.10,3100.55,4200.22,3000.44
P00337,Helado Freddo Frutilla 1L,Congelados,3400.22,3700.55,2900.33,4000.44,2800.10
P00338,Helado Freddo Vainilla 1L,Congelados,3450.33,3750.10,2950.55,4050.22,2850.44
P00339,Helado Freddo Sambayón 1L,Congelados,3550.22,3850.55,3050.33,4150.44,2950.10
P00340,Helado Freddo Tramontana 1L,Congelados,3600.33,3900.10,3100.55,4200.22,3000.44
P00341,Helado Freddo Chocolate Blanco 1L,Congelados,3650.22,3950.55,3150.33,4250.44,3050.10
P00342,Helado Freddo Maracuyá 1L,Congelados,3500.33,3800.10,3000.55,4100.22,2900.44
P00343,Helado Freddo Frutos Rojos 1L,Congelados,3450.22,3750.55,2950.33,4050.44,2850.10
P00344,Helado Freddo Limón 1L,Congelados,3300.33,3600.10,2800.55,3900.22,2700.44
P00345,Helado Freddo Chocolate Amargo 1L,Congelados,3700.22,4000.55,3200.33,4300.44,3100.10
P00346,Helado Freddo Chocolate Suizo 1L,Congelados,3750.33,4050.10,3250.55,4350.22,3150.44
P00347,Helado Freddo Dulce de Leche Granizado 1L,Congelados,3800.22,4100.55,3300.33,4400.44,3200.10
P00348,Helado Freddo Chocolate con Almendras 1L,Congelados,3850.33,4150.10,3350.55,4450.22,3250.44
P00349,Helado Freddo Chocolate con Maní 1L,Congelados,3900.22,4200.55,3400.33,4500.44,3300.10
P00350,Leche La Serenísima Ultra 1L,Lácteos,1350.22,1500.55,1180.33,1650.44,1100.10
P00351,Yogur Ser Frutilla 190g,Lácteos,750.33,880.10,620.55,990.22,580.44
P00352,Queso Finlandia Light 180g,Lácteos,2100.22,2400.55,1850.33,2600.44,1750.10
P00353,Manteca Sancor 200g,Lácteos,1850.33,2100.10,1600.55,2400.22,1700.44
P00354,Crema de Leche Sancor 200cc,Lácteos,980.22,1120.55,850.33,1300.44,780.10
P00355,Yerba CBSé Hierbas 1Kg,Almacén,3100.33,2900.10,3800.55,3600.22,2700.44
P00356,Aceite Natura Oliva 500ml,Almacén,3500.22,3800.55,3100.33,4200.44,3000.10
P00357,Arroz Gallo Oro Doble 1Kg,Almacén,1100.33,1250.10,900.55,1400.22,850.44
P00358,Fideos Lucchetti Tirabuzón 500g,Almacén,780.22,900.55,650.33,1050.44,600.10
P00359,Harina Blancaflor Leudante 1Kg,Almacén,700.33,850.10,580.55,980.22,530.44
P00360,Azúcar Ledesma Rubia 1Kg,Almacén,820.22,950.55,700.33,1100.44,650.10
P00361,Sal Dos Anclas Parrillera 500g,Almacén,350.33,450.10,280.55,550.22,250.44
P00362,Gaseosa Coca Cola Zero 2.25L,Bebidas,2200.22,2500.55,1900.33,2700.44,1800.10
P00363,Gaseosa Pepsi Black 2.25L,Bebidas,2100.33,2400.10,1850.55,2600.22,1750.44
P00364,Gaseosa Manaos Naranja 2.25L,Bebidas,1500.22,1700.55,1300.33,1900.44,1200.10
P00365,Agua Mineral Villavicencio 2L,Bebidas,950.33,1150.10,780.55,1350.22,720.44
P00366,Jugo Baggio Durazno 1L,Bebidas,880.22,1050.55,720.33,1200.44,680.10
P00367,Cerveza Quilmes Stout 1L,Bebidas,1900.33,2200.10,1650.55,2500.22,1550.44
P00368,Cerveza Andes IPA 1L,Bebidas,2000.22,2300.55,1750.33,2600.44,1650.10
P00369,Pan Lactal Fargo Integral 600g,Panificados,1300.33,1500.10,1050.55,1700.22,980.44
P00370,Pan Bimbo Artesanal 600g,Panificados,1400.22,1600.55,1150.33,1800.44,1050.10
P00371,Pan de Campo Lactal 500g,Panificados,1350.33,1550.10,1100.55,1750.22,1000.44
P00372,Bizcochitos Don Satur Light 200g,Panificados,950.22,1150.55,780.33,1350.44,720.10
P00373,Galletitas Chocolinas Mini 100g,Panificados,850.33,1050.10,700.55,1250.22,650.44
P00374,Galletitas Oreo Vainilla 118g,Panificados,1100.22,1300.55,900.33,1500.44,850.10
P00375,Galletitas Express Salvado 100g,Panificados,700.33,900.10,550.55,1100.22,500.44
P00376,Detergente Magistral Manzana 750ml,Limpieza,1850.22,2150.55,1550.33,2450.44,1450.10
P00377,Detergente Ala Original 750ml,Limpieza,1800.33,2100.10,1500.55,2400.22,1400.44
P00378,Limpiador Poett Flores 900ml,Limpieza,1900.22,2200.55,1650.33,2500.44,1550.10
P00379,Limpiador Poett Citrus 900ml,Limpieza,1880.33,2180.10,1620.55,2480.22,1520.44
P00380,Limpiador Mr Músculo Vidrios 500ml,Limpieza,1600.22,1900.55,1400.33,2200.44,1300.10
P00381,Limpiador Ayudín Antigrasa 500ml,Limpieza,1700.33,2000.10,1500.55,2300.22,1400.44
P00382,Producto Único 00008,Limpieza,2300.22,2600.55,2000.33,2900.44,1900.10
P00383,Suavizante Comfort Floral 900ml,Limpieza,2250.33,2550.10,1950.55,2850.22,1850.44
P00384,Desinfectante Lysoform Original 360ml,Limpieza,2600.22,2900.55,2300.33,3200.44,2200.10
P00385,Desinfectante Ayudín Lavanda 360ml,Limpieza,2550.33,2850.10,2250.55,3150.22,2150.44
P00386,Shampoo Sedal Liso Perfecto 400ml,Higiene,1850.22,2150.55,1550.33,2450.44,1450.10
P00387,Shampoo Pantene Rizos 400ml,Higiene,2300.33,2600.10,2000.55,2900.22,1900.44
P00388,Producto Único 00009,Higiene,2500.22,2800.55,2200.33,3100.44,2100.10
P00389,Acondicionador Sedal Liso Perfecto 400ml,Higiene,1900.33,2200.10,1600.55,2500.22,1500.44
P00390,Acondicionador Pantene Rizos 400ml,Higiene,2400.22,2700.55,2100.33,3000.44,2000.10
P00391,Producto Único 00010,Higiene,700.33,850.10,580.55,950.22,520.44
P00392,Producto Único 00011,Higiene,650.22,780.55,550.33,900.44,500.10
P00393,Producto Único 00012,Higiene,1900.33,2200.10,1600.55,2500.22,1500.44
P00394,Desodorante Rexona V8 150ml,Higiene,1800.22,2100.55,1500.33,2400.44,1400.10
P00395,Producto Único 00013,Higiene,950.33,1100.10,780.55,1300.22,720.44
P00396,Pasta Dental Sensodyne Blanqueador 90g,Higiene,1850.22,2150.55,1550.33,2450.44,1450.10
P00397,Enjuague Bucal Listerine Fresh 250ml,Higiene,1650.33,1950.10,1450.55,2250.22,1350.44
P00398,Producto Único 00014,Higiene,1250.22,1500.55,1000.33,1750.44,950.10
P00399,Producto Único 00015,Higiene,1180.33,1450.10,930.55,1680.22,880.44
P00400,Producto Único 00016,Higiene,7000.22,7600.55,6200.33,8200.44,6000.10
P00401,Producto Único 00017,Higiene,6500.33,7200.10,5800.55,7800.22,5600.44
P00402,Producto Único 00018,Higiene,1800.22,2100.55,1500.33,2400.44,1400.10
P00403,Producto Único 00019,Higiene,1950.33,2250.10,1650.55,2550.22,1550.44
P00404,Producto Único 00020,Higiene,4700.22,5100.55,3900.33,5700.44,3800.10
P00405,Producto Único 00021,Higiene,4500.33,5000.10,3800.55,5500.22,3600.44
P00406,Producto Único 00022,Higiene,3500.22,3900.55,3100.33,4300.44,3000.10
P00407,Producto Único 00023,Higiene,3200.33,3600.10,2800.55,4000.22,2700.44
P00408,Producto Único 00024,Higiene,2100.22,2400.55,1800.33,2700.44,1700.10
P00409,Producto Único 00025,Higiene,2250.33,2550.10,1950.55,2850.22,1850.44
P00410,Helado Grido Americana 1L,Congelados,2500.22,2800.55,2100.33,3100.44,2000.10
P00411,Producto Único 00026,Congelados,2700.33,3000.10,2300.55,3300.22,2200.44
P00412,Producto Único 00027,Congelados,3200.22,3500.55,2800.33,3800.44,2700.10
P00413,Papas McCain Tradicional 1Kg,Congelados,2600.33,2900.10,2200.55,3200.22,2100.44
P00414,Medallones Swift 4u,Congelados,3000.22,3300.55,2600.33,3600.44,2500.10
P00415,Vegetales Arcor Mix 500g,Congelados,1800.33,2100.10,1500.55,2400.22,1400.44
P00416,Producto Único 00028,Congelados,2550.22,2850.55,2150.33,3150.44,2050.10
P00417,Helado Frigor Americana 1L,Congelados,2600.33,2900.10,2200.55,3200.22,2100.44
P00418,Producto Único 00029,Congelados,2550.22,2850.55,2150.33,3150.44,2050.10
P00419,Helado Grido Dulce de Leche 1L,Congelados,2650.33,2950.10,2250.55,3250.22,2150.44
P00420,Helado Arcor Americana 1L,Congelados,2500.22,2800.55,2100.33,3100.44,2000.10
P00421,Producto Único 00030,Congelados,2480.33,2780.10,2080.55,3080.22,1980.44
P00422,Producto Único 00031,Congelados,2600.22,2900.55,2200.33,3200.44,2100.10
P00423,Producto Único 00032,Congelados,2650.33,2950.10,2250.55,3250.22,2150.44
P00424,Producto Único 00033,Congelados,2700.22,3000.55,2300.33,3300.44,2200.10
P00425,Producto Único 00034,Congelados,2450.33,2750.10,2050.55,3050.22,1950.44
P00426,Helado La Veneciana Dulce de Leche 1L,Congelados,2550.22,2850.55,2150.33,3150.44,2050.10
P00427,Helado Grido Sambayón 1L,Congelados,2700.33,3000.10,2300.55,3300.22,2200.44
P00428,Helado Arcor Crema Americana 1L,Congelados,2500.22,2800.55,2100.33,3100.44,2000.10
P00429,Helado Frigor Chocolate Blanco 1L,Congelados,2750.33,3050.10,2350.55,3350.22,2250.44
P00430,Helado Grido Frutos Rojos 1L,Congelados,2600.22,2900.55,2200.33,3200.44,2100.10
P00431,Helado La Veneciana Limón 1L,Congelados,2400.33,2700.10,2000.55,3000.22,1900.44
P00432,Helado Arcor Chocolate Suizo 1L,Congelados,2800.22,3100.55,2400.33,3400.44,2300.10
P00433,Helado Frigor Dulce de Leche Granizado 1L,Congelados,2850.33,3150.10,2450.55,3450.22,2350.44
P00434,Helado Grido Crema Rusa 1L,Congelados,2650.22,2950.55,2250.33,3250.44,2150.10
P00435,Helado La Veneciana Maracuyá 1L,Congelados,2500.33,2800.10,2100.55,3100.22,2000.44
P00436,Helado Arcor Frutos Tropicales 1L,Congelados,2700.22,3000.55,2300.33,3300.44,2200.10
P00437,Helado Frigor Chocolate Amargo 1L,Congelados,2900.33,3200.10,2500.55,3500.22,2400.44
P00438,Helado Grido Banana Split 1L,Congelados,2600.22,2900.55,2200.33,3200.44,2100.10
P00439,Helado La Veneciana Frutos Rojos 1L,Congelados,2550.33,2850.10,2150.55,3150.22,2050.44
P00440,Helado Arcor Limón 1L,Congelados,2400.22,2700.55,2000.33,3000.44,1900.10
P00441,Helado Frigor Americana Light 1L,Congelados,2500.33,2800.10,2100.55,3100.22,2000.44
P00442,Helado Grido Chocolate Light 1L,Congelados,2550.22,2850.55,2150.33,3150.44,2050.10
P00443,Helado La Veneciana Dulce de Leche Light 1L,Congelados,2600.33,2900.10,2200.55,3200.22,2100.44
P00444,Helado Arcor Frutilla Light 1L,Congelados,2450.22,2750.55,2050.33,3050.44,1950.10
P00445,Helado Frigor Chocolate Light 1L,Congelados,2500.33,2800.10,2100.55,3100.22,2000.44
P00446,Helado Grido Vainilla Light 1L,Congelados,2400.22,2700.55,2000.33,3000.44,1900.10
P00447,Helado La Veneciana Americana Light 1L,Congelados,2450.33,2750.10,2050.55,3050.22,1950.44
P00448,Helado Arcor Dulce de Leche Light 1L,Congelados,2550.22,2850.55,2150.33,3150.44,2050.10
P00449,Leche Ilolay Ultra 1L,Lácteos,1300.22,1450.55,1150.33,1600.44,1080.10
P00450,Yogur La Serenísima Natural 1Kg,Lácteos,2100.33,2400.10,1850.55,2600.22,1750.44
P00451,Queso Cremoso Milkaut 1Kg,Lácteos,3600.22,4000.55,3200.33,4300.44,3100.10
P00452,Manteca Ilolay 200g,Lácteos,1750.33,2050.10,1550.55,2350.22,1450.44
P00453,Producto Único 00035,Lácteos,950.22,1100.55,830.33,1300.44,780.10
P00454,Yerba Rosamonte Suave 1Kg,Almacén,3200.33,3000.10,3900.55,3700.22,2800.44
P00455,Aceite Cocinero Oliva 500ml,Almacén,3400.22,3700.55,3000.33,4100.44,2900.10
P00456,Arroz Dos Hermanos Integral 1Kg,Almacén,1200.33,1350.10,950.55,1500.22,900.44
P00457,Fideos Matarazzo Spaghetti 500g,Almacén,780.22,900.55,650.33,1050.44,600.10
P00458,Harina Pureza Leudante 1Kg,Almacén,700.33,850.10,580.55,980.22,530.44
P00459,Azúcar Chango Rubia 1Kg,Almacén,820.22,950.55,700.33,1100.44,650.10
P00460,Sal Celusal Parrillera 500g,Almacén,350.33,450.10,280.55,550.22,250.44
P00461,Gaseosa Sprite Zero 2.25L,Bebidas,2100.22,2400.55,1850.33,2600.44,1750.10
P00462,Gaseosa Fanta Pomelo 2.25L,Bebidas,2050.33,2350.10,1800.55,2550.22,1700.44
P00463,Producto Único 00036,Bebidas,950.22,1150.55,780.33,1350.44,720.10
P00464,Jugo Cepita Durazno 1L,Bebidas,900.33,1050.10,720.55,1200.22,680.44
P00465,Cerveza Brahma Chopp 1L,Bebidas,1850.22,2150.55,1600.33,2450.44,1500.10
P00466,Cerveza Andes Roja 1L,Bebidas,1950.33,2250.10,1700.55,2550.22,1600.44
P00467,Pan Lactal Bimbo Integral 600g,Panificados,1350.22,1550.55,1100.33,1750.44,1000.10
P00468,Pan Lactal Fargo Artesanal 600g,Panificados,1400.33,1600.10,1150.55,1800.22,1050.44
P00469,Pan de Campo Bimbo 500g,Panificados,1300.22,1500.55,1050.33,1700.44,980.10
P00470,Bizcochitos 9 de Oro Light 200g,Panificados,900.33,1100.10,750.55,1300.22,700.44
P00471,Producto Único 00037,Panificados,950.22,1200.55,800.33,1400.44,750.10
P00472,Galletitas Oreo Chocolate 118g,Panificados,1100.33,1300.10,900.55,1500.22,850.44
P00473,Galletitas Criollitas Salvado 100g,Panificados,700.22,900.55,550.33,1100.44,500.10
P00474,Producto Único 00038,Limpieza,1850.33,2150.10,1550.55,2450.22,1450.44
P00475,Producto Único 00039,Limpieza,1800.22,2100.55,1500.33,2400.44,1400.10
P00476,Producto Único 00040,Limpieza,1900.33,2200.10,1650.55,2500.22,1550.44
P00477,Producto Único 00041,Limpieza,1700.22,2000.55,1500.33,2300.44,1400.10
P00478,Producto Único 00042,Limpieza,2300.33,2600.10,2000.55,2900.22,1900.44
P00479,Producto Único 00043,Limpieza,2250.22,2550.55,1950.33,2850.44,1850.10
P00480,Desinfectante Lysoform Citrus 360ml,Limpieza,2600.33,2900.10,2300.55,3200.22,2200.44
P00481,Desinfectante Ayudín Original 360ml,Limpieza,2550.22,2850.55,2250.33,3150.44,2150.10
P00482,Shampoo Sedal Rizos Definidos 400ml,Higiene,1850.33,2150.10,1550.55,2450.22,1450.44
P00483,Producto Único 00044,Higiene,2300.22,2600.55,2000.33,2900.44,1900.10
P00484,Producto Único 00045,Higiene,2500.33,2800.10,2200.55,3100.22,2100.44
P00485,Acondicionador Sedal Rizos Definidos 400ml,Higiene,1900.22,2200.55,1600.33,2500.44,1500.10
P00486,Producto Único 00046,Higiene,2400.33,2700.10,2100.55,3000.22,2000.44
P00487,Producto Único 00047,Higiene,700.22,850.55,580.33,950.44,520.10
P00488,Producto Único 00048,Higiene,650.33,780.10,550.55,900.22,500.44
P00489,Producto Único 00049,Higiene,1900.22,2200.55,1600.33,2500.44,1500.10
P00490,Producto Único 00050,Higiene,1800.33,2100.10,1500.55,2400.22,1400.44
P00491,Producto Único 00051,Higiene,900.22,1050.55,750.33,1250.44,700.10
P00492,Producto Único 00052,Higiene,1850.33,2150.10,1550.55,2450.22,1450.44
P00493,Producto Único 00053,Higiene,1650.22,1950.55,1450.33,2250.44,1350.10
P00494,Producto Único 00054,Higiene,1200.33,1450.10,950.55,1700.22,900.44
P00495,Producto Único 00055,Higiene,1180.22,1450.55,930.33,1680.44,880.10
P00496,Producto Único 00056,Higiene,6500.33,7200.10,5800.55,7800.22,5600.44
P00497,Producto Único 00057,Higiene,6800.22,7400.55,6000.33,8000.44,5800.10
P00498,Crema Nivea Soft 200ml,Higiene,2000.33,2300.10,1700.55,2600.22,1600.44
P00499,Crema Dove Reafirmante 200ml,Higiene,2100.22,2400.55,1800.33,2700.44,1700.10
P00500,Producto Único 00058,Higiene,4300.33,4700.10,3600.55,5100.22,3500.44
P00501,Leche La Serenísima Sin Lactosa 1L,Lácteos,1500.22,1650.55,1300.33,1800.44,1200.10
P00502,Leche Ilolay Sin Lactosa 1L,Lácteos,1480.33,1620.10,1280.55,1780.22,1180.44
P00503,Yogur Ser Durazno 190g,Lácteos,780.22,900.55,650.33,1050.44,600.10
P00504,Yogur Ilolay Natural 1Kg,Lácteos,2000.33,2300.10,1800.55,2600.22,1700.44
P00505,Queso Port Salut La Serenísima 1Kg,Lácteos,4200.22,4600.55,3800.33,5000.44,3600.10
P00506,Queso Tybo Milkaut 1Kg,Lácteos,4100.33,4550.10,3750.55,4950.22,3550.44
P00507,Manteca Sancor Light 200g,Lácteos,1700.22,2000.55,1500.33,2300.44,1400.10
P00508,Crema de Leche Ilolay 200cc,Lácteos,920.33,1080.10,830.55,1280.22,760.44
P00509,Yerba Playadito Suave 1Kg,Almacén,3300.22,3100.55,4000.33,3800.44,2950.10
P00510,Yerba Amanda Suave 1Kg,Almacén,3200.33,3000.10,3900.55,3700.22,2850.44
P00511,Aceite Natura Mezcla 900ml,Almacén,1900.22,2100.55,1700.33,2300.44,1600.10
P00512,Aceite Cocinero Mezcla 900ml,Almacén,1850.33,2050.10,1650.55,2250.22,1550.44
P00513,Arroz Gallo Integral 1Kg,Almacén,1150.22,1300.55,950.33,1450.44,900.10
P00514,Arroz Dos Hermanos Doble 1Kg,Almacén,1100.33,1250.10,900.55,1400.22,850.44
P00515,Fideos Lucchetti Mostachol 500g,Almacén,750.22,880.55,650.33,990.44,600.10
P00516,Producto Único 00059,Almacén,780.33,900.10,670.55,1050.22,620.44
P00517,Harina Blancaflor 000 1Kg,Almacén,650.22,780.55,550.33,900.44,500.10
P00518,Harina Pureza 000 1Kg,Almacén,630.33,760.10,540.55,880.22,490.44
P00519,Azúcar Ledesma Light 1Kg,Almacén,780.22,900.55,650.33,1050.44,600.10
P00520,Azúcar Chango Light 1Kg,Almacén,760.33,880.10,630.55,1030.22,580.44
P00521,Sal Dos Anclas Fina 500g,Almacén,300.22,380.55,250.33,450.44,220.10
P00522,Sal Celusal Fina 500g,Almacén,320.33,400.10,260.55,470.22,230.44
P00523,Gaseosa Coca Cola Cherry 2.25L,Bebidas,2300.22,2600.55,2000.33,2800.44,1900.10
P00524,Gaseosa Pepsi Lima 2.25L,Bebidas,2200.33,2500.10,1950.55,2700.22,1850.44
P00525,Gaseosa Manaos Pomelo 2.25L,Bebidas,1600.22,1800.55,1400.33,2000.44,1300.10
P00526,Agua Mineral Villavicencio 500ml,Bebidas,500.33,650.10,400.55,800.22,350.44
P00527,Jugo Baggio Naranja 1L,Bebidas,850.22,980.55,700.33,1100.44,650.10
P00528,Jugo Cepita Multifruta 1L,Bebidas,900.33,1050.10,720.55,1200.22,680.44
P00529,Cerveza Quilmes IPA 1L,Bebidas,2000.22,2300.55,1750.33,2600.44,1650.10
P00530,Cerveza Andes Negra 1L,Bebidas,2100.33,2400.10,1850.55,2700.22,1750.44
P00531,Pan Lactal Fargo Sin Sal 600g,Panificados,1250.22,1450.55,1000.33,1650.44,950.10
P00532,Pan Lactal Bimbo Sin Sal 600g,Panificados,1280.33,1480.10,1030.55,1680.22,980.44
P00533,Pan de Campo Lactal Integral 500g,Panificados,1350.22,1550.55,1100.33,1750.44,1000.10
P00534,Bizcochitos Don Satur Agridulces 200g,Panificados,950.33,1150.10,780.55,1350.22,720.44
P00535,Galletitas Chocolinas Triple 170g,Panificados,1100.22,1300.55,900.33,1500.44,850.10
P00536,Galletitas Oreo Golden 118g,Panificados,1150.33,1350.10,950.55,1550.22,900.44
P00537,Galletitas Express Light 100g,Panificados,700.22,900.55,550.33,1100.44,500.10
P00538,Detergente Magistral Coco 750ml,Limpieza,1900.22,2200.55,1600.33,2500.44,1500.10
P00539,Detergente Ala Manzanilla 750ml,Limpieza,1850.33,2150.10,1550.55,2450.22,1450.44
P00540,Limpiador Poett Vainilla 900ml,Limpieza,1950.22,2250.55,1700.33,2550.44,1600.10
P00541,Producto Único 00060,Limpieza,1750.33,2050.10,1550.55,2350.22,1450.44
P00542,Suavizante Vivere Cielo Azul 900ml,Limpieza,2350.22,2650.55,2050.33,2950.44,1950.10
P00543,Producto Único 00061,Limpieza,2300.33,2600.10,2000.55,2900.22,1900.44
P00544,Desinfectante Lysoform Bebé 360ml,Limpieza,2700.22,3000.55,2400.33,3300.44,2300.10
P00545,Desinfectante Ayudín Floral 360ml,Limpieza,2650.33,2950.10,2350.55,3250.22,2250.44
P00546,Producto Único 00062,Higiene,1900.22,2200.55,1600.33,2500.44,1500.10
P00547,Producto Único 00063,Higiene,2350.33,2650.10,2050.55,2950.22,1950.44
P00548,Producto Único 00064,Higiene,2550.22,2850.55,2250.33,3150.44,2150.10
P00549,Producto Único 00065,Higiene,1950.33,2250.10,1650.55,2550.22,1550.44
P00550,Producto Único 00066,Higiene,2450.22,2750.55,2150.33,3050.44,2050.10
P00551,Jabón Dove Coco 90g,Higiene,720.33,880.10,600.55,980.22,540.44
P00552,Jabón Rexona Fresh 90g,Higiene,680.22,820.55,580.33,920.44,520.10
P00553,Producto Único 00067,Higiene,1950.33,2250.10,1650.55,2550.22,1550.44
P00554,Producto Único 00068,Higiene,1850.22,2150.55,1550.33,2450.44,1450.10
P00555,Pasta Dental Colgate Max Fresh 90g,Higiene,950.33,1100.10,780.55,1300.22,720.44
P00556,Pasta Dental Sensodyne Extra Fresh 90g,Higiene,1900.22,2200.55,1600.33,2500.44,1500.10
P00557,Enjuague Bucal Listerine Citrus 250ml,Higiene,1700.33,2000.10,1500.55,2300.22,1400.44
P00558,Toallas Femeninas Always Día 8u,Higiene,1150.22,1400.55,900.33,1650.44,850.10
P00559,Toallas Femeninas Nosotras Día 8u,Higiene,1100.33,1350.10,880.55,1600.22,820.44
P00560,Pañales Pampers Recién Nacido 30u,Higiene,7000.22,7600.55,6200.33,8200.44,6000.10
P00561,Pañales Huggies Recién Nacido 30u,Higiene,6800.33,7400.10,6000.55,8000.22,5800.44
P00562,Crema Nivea Q10 100ml,Higiene,3500.22,3900.55,3100.33,4300.44,3000.10
P00563,Crema Dove Nutritiva 200ml,Higiene,2200.33,2500.10,1900.55,2800.22,1800.44
P00564,Producto Único 00069,Higiene,4800.22,5200.55,4000.33,5800.44,3900.10
P00565,Producto Único 00070,Higiene,4900.33,5300.10,4100.55,5900.22,4000.44
P00566,Producto Único 00071,Higiene,3600.22,4000.55,3200.33,4400.44,3100.10
P00567,Crema Corporal Pond’s Hidratante 400ml,Higiene,3300.33,3700.10,2900.55,4100.22,2800.44
P00568,Producto Único 00072,Higiene,2150.22,2450.55,1850.33,2750.44,1750.10
P00569,Producto Único 00073,Higiene,2300.33,2600.10,2000.55,2900.22,1900.44
P00570,Helado Grido Chocolate Blanco 1L,Congelados,2700.22,3000.55,2300.33,3300.44,2200.10
P00571,Helado Arcor Frutilla Cremosa 1L,Congelados,2600.33,2900.10,2200.55,3200.22,2100.44
P00572,Producto Único 00074,Congelados,2500.22,2800.55,2100.33,3100.44,2000.10
P00573,Patitas Swift Kids 500g,Congelados,3300.33,3600.10,2900.55,3900.22,2800.44
P00574,Papas McCain Corte Fino 1Kg,Congelados,2650.22,2950.55,2250.33,3250.44,2150.10
P00575,Medallones Granja del Sol Light 4u,Congelados,2950.33,3250.10,2550.55,3550.22,2450.44
P00576,Producto Único 00075,Congelados,2700.22,3000.55,2300.33,3300.44,2200.10
P00577,Producto Único 00076,Congelados,2600.33,2900.10,2200.55,3200.22,2100.44
P00578,Producto Único 00077,Congelados,2500.22,2800.55,2100.33,3100.44,2000.10
P00579,Producto Único 00078,Congelados,2550.33,2850.10,2150.55,3150.22,2050.44
P00580,Producto Único 00079,Congelados,3200.22,3500.55,2800.33,3800.44,2700.10
P00581,Producto Único 00080,Congelados,3300.33,3600.10,2900.55,3900.22,2800.44
P00582,Medallones Sadia 4u,Congelados,3000.22,3300.55,2600.33,3600.44,2500.10
P00583,Papas McCain Noisette 1Kg,Congelados,2700.33,3000.10,2300.55,3300.22,2200.44
P00584,Papas Granja del Sol 1Kg,Congelados,2550.22,2850.55,2150.33,3150.44,2050.10
P00585,Vegetales Arcor Brócoli 500g,Congelados,1850.33,2150.10,1550.55,2450.22,1450.44
P00586,Vegetales Arcor Choclo 500g,Congelados,1750.22,2050.55,1450.33,2350.44,1350.10
P00587,Producto Único 00081,Congelados,2700.33,3000.10,2300.55,3300.22,2200.44
P00588,Leche La Serenísima Entera 500Ml,Lácteos,1300.22,1450.55,1150.33,1600.44,1080.10
P00589,Producto Único 00082,Lácteos,1280.33,1420.10,1120.55,1580.22,1050.44
P00590,Yogur Ser Natural 190g,Lácteos,750.22,880.55,620.33,990.44,580.10
P00591,Producto Único 00083,Lácteos,2100.33,2400.10,1850.55,2600.22,1750.44
P00592,Queso Cremoso Verónica 1Kg,Lácteos,3500.22,3900.55,3100.33,4300.44,3000.10
P00593,Queso Barra Tregar 1Kg,Lácteos,4100.33,4500.10,3700.55,4900.22,3600.44
P00594,Producto Único 00084,Lácteos,1800.22,2100.55,1600.33,2400.44,1500.10
P00595,Crema de Leche Sancor 330cc,Lácteos,1300.33,1500.10,1150.55,1700.22,1100.44
P00596,Producto Único 00085,Almacén,3100.22,2900.55,3800.33,3600.44,2700.10
P00597,Yerba CBSé Silueta 1Kg,Almacén,3200.33,3000.10,3900.55,3700.22,2800.44
P00598,Aceite Natura Girasol 1.5L,Almacén,2500.22,2800.55,2200.33,3100.44,2100.10
P00599,Aceite Ideal Girasol 1.5L,Almacén,2450.33,2750.10,2150.55,3050.22,2050.44
P00600,Producto Único 00086,Almacén,1100.22,1250.55,900.33,1400.44,850.10
P00601,Producto Único 00087,Almacén,780.33,900.10,650.55,1050.22,600.44
P00602,Fideos Matarazzo Coditos 500g,Almacén,750.22,880.55,620.33,990.44,580.10
P00603,Producto Único 00088,Almacén,700.33,850.10,580.55,980.22,530.44
P00604,Producto Único 00089,Almacén,680.22,820.55,560.33,950.44,520.10
P00605,Producto Único 00090,Almacén,780.33,900.10,650.55,1050.22,600.44
P00606,Producto Único 00091,Almacén,760.22,880.55,630.33,1030.44,580.10
P00607,Sal Dos Anclas Marina 500g,Almacén,350.33,450.10,280.55,550.22,250.44
P00608,Gaseosa Coca Cola Original 2.25L,Bebidas,2200.22,2500.55,1900.33,2700.44,1800.10
P00609,Gaseosa Pepsi Original 2.25L,Bebidas,2100.33,2400.10,1850.55,2600.22,1750.44
P00610,Producto Único 00092,Bebidas,1500.22,1700.55,1300.33,1900.44,1200.10
P00611,Producto Único 00093,Bebidas,950.33,1150.10,780.55,1350.22,720.44
P00612,Producto Único 00094,Bebidas,880.22,1050.55,720.33,1200.44,680.10
P00613,Producto Único 00095,Bebidas,900.33,1050.10,720.55,1200.22,680.44
P00614,Cerveza Quilmes Cristal 1L,Bebidas,1850.22,2150.55,1600.33,2450.44,1500.10
P00615,Producto Único 00096,Bebidas,1950.33,2250.10,1700.55,2550.22,1600.44
P00616,Pan Lactal Fargo Clásico 600g,Panificados,1300.22,1500.55,1050.33,1700.44,980.10
P00617,Pan Lactal Bimbo Clásico 600g,Panificados,1350.33,1550.10,1100.55,1750.22,1000.44
P00618,Producto Único 00097,Panificados,1250.22,1450.55,1000.33,1650.44,950.10
P00619,Bizcochitos Don Satur Salados 200g,Panificados,900.33,1100.10,750.55,1300.22,700.44
P00620,Galletitas Chocolinas 100g,Panificados,850.22,1050.55,700.33,1250.44,650.10
P00621,Producto Único 00098,Panificados,1100.33,1300.10,900.55,1500.22,850.44
P00622,Producto Único 00099,Panificados,700.22,900.55,550.33,1100.44,500.10
P00623,Producto Único 00100,Limpieza,1850.33,2150.10,1550.55,2450.22,1450.44
P00624,Producto Único 00101,Limpieza,1800.22,2100.55,1500.33,2400.44,1400.10
P00625,Limpiador Poett Floral 900ml,Limpieza,1900.33,2200.10,1650.55,2500.22,1550.44
P00626,Producto Único 00102,Limpieza,1600.22,1900.55,1400.33,2200.44,1300.10
P00627,Producto Único 00103,Limpieza,2300.33,2600.10,2000.55,2900.22,1900.44
P00628,Producto Único 00104,Limpieza,2250.22,2550.55,1950.33,2850.44,1850.10
P00629,Producto Único 00105,Limpieza,2600.33,2900.10,2300.55,3200.22,2200.44
P00630,Producto Único 00106,Limpieza,2550.22,2850.55,2250.33,3150.44,2150.10
P00631,Producto Único 00107,Higiene,1850.33,2150.10,1550.55,2450.22,1450.44
P00632,Producto Único 00108,Higiene,2300.22,2600.55,2000.33,2900.44,1900.10
P00633,Producto Único 00109,Higiene,2500.33,2800.10,2200.55,3100.22,2100.44
P00634,Producto Único 00110,Higiene,1900.22,2200.55,1600.33,2500.44,1500.10
P00635,Producto Único 00111,Higiene,2400.33,2700.10,2100.55,3000.22,2000.44
P00636,Producto Único 00112,Higiene,700.22,850.55,580.33,950.44,520.10
P00637,Producto Único 00113,Higiene,650.33,780.10,550.55,900.22,500.44
P00638,Producto Único 00114,Higiene,2000.22,2300.55,1700.33,2600.44,1600.10
P00639,Producto Único 00115,Higiene,1900.33,2200.10,1600.55,2500.22,1500.44
P00640,Producto Único 00116,Higiene,950.22,1100.55,780.33,1300.44,720.10
P00641,Producto Único 00117,Higiene,1850.33,2150.10,1550.55,2450.22,1450.44
P00642,Producto Único 00118,Higiene,1650.22,1950.55,1450.33,2250.44,1350.10
P00643,Producto Único 00119,Higiene,1250.33,1500.10,1000.55,1750.22,950.44
P00644,Producto Único 00120,Higiene,1180.22,1450.55,930.33,1680.44,880.10
P00645,Producto Único 00121,Higiene,7000.33,7600.10,6200.55,8200.22,6000.44
P00646,Producto Único 00122,Higiene,6500.22,7200.55,5800.33,7800.44,5600.10
P00647,Producto Único 00123,Higiene,1800.33,2100.10,1500.55,2400.22,1400.44
P00648,Producto Único 00124,Higiene,1950.22,2250.55,1650.33,2550.44,1550.10
P00649,Producto Único 00125,Higiene,4700.33,5100.10,3900.55,5700.22,3800.44
P00650,Producto Único 00126,Higiene,4500.22,5000.55,3800.33,5500.44,3600.10
P00651,Producto Único 00127,Lácteos,1320.22,1480.55,1180.33,1620.44,1100.10
P00652,Leche Sancor Bebé 3 1L,Lácteos,2100.33,2350.10,1900.55,2600.22,1800.44
P00653,Yogur Yogs Frutilla 180g,Lácteos,680.22,820.55,550.33,950.44,500.10
P00654,Yogur Yogs Durazno 180g,Lácteos,690.33,830.10,560.55,960.22,510.44
P00655,Queso Azul Tregar 150g,Lácteos,2100.22,2400.55,1850.33,2600.44,1750.10
P00656,Queso Ilolay 180g,Lácteos,2600.33,2900.10,2300.55,3200.22,2200.44
P00657,Manteca Ilolay Light 200g,Lácteos,1700.22,2000.55,1500.33,2300.44,1400.10
P00658,Crema de Leche Ilolay 330cc,Lácteos,1350.33,1550.10,1200.55,1750.22,1100.44
P00659,Yerba Kraus Orgánica 500g,Almacén,2600.22,2400.55,3000.33,2800.44,2200.10
P00660,Yerba Unión Suave 1Kg,Almacén,3100.33,2900.10,3800.55,3600.22,2700.44
P00661,Aceite Oliva Oliovita 500ml,Almacén,4200.22,4500.55,3800.33,4900.44,3600.10
P00662,Aceite Oliva Zuelo 500ml,Almacén,4300.33,4600.10,3900.55,5000.22,3700.44
P00663,Arroz Gallo Largo Fino 1Kg,Almacén,1050.22,1200.55,880.33,1350.44,820.10
P00664,Fideos Knorr Spaghetti 500g,Almacén,800.33,950.10,700.55,1100.22,650.44
P00665,Producto Único 00128,Almacén,820.22,970.55,720.33,1150.44,680.10
P00666,Harina Blancaflor Integral 1Kg,Almacén,850.33,1000.10,750.55,1200.22,700.44
P00667,Harina Pureza Integral 1Kg,Almacén,830.22,980.55,720.33,1180.44,680.10
P00668,Azúcar Dominó 1Kg,Almacén,780.33,900.10,650.55,1050.22,600.44
P00669,Sal Dos Anclas Light 500g,Almacén,350.22,430.55,280.33,520.44,250.10
P00670,Gaseosa Paso de los Toros Pomelo 2.25L,Bebidas,2100.33,2400.10,1850.55,2600.22,1750.44
P00671,Gaseosa Paso de los Toros Tónica 1.5L,Bebidas,1800.22,2000.55,1600.33,2200.44,1500.10
P00672,Gaseosa Schweppes Pomelo 1.5L,Bebidas,1900.33,2150.10,1700.55,2400.22,1600.44
P00673,Agua Mineral Glaciar 2L,Bebidas,900.22,1100.55,750.33,1300.44,700.10
P00674,Jugo Tang Naranja 18g,Bebidas,250.33,320.10,200.55,380.22,180.44
P00675,Jugo Tang Durazno 18g,Bebidas,250.22,320.55,200.33,380.44,180.10
P00676,Cerveza Patagonia Amber Lager 730ml,Bebidas,2600.33,2900.10,2300.55,3200.22,2200.44
P00677,Cerveza Patagonia Bohemian Pilsener 730ml,Bebidas,2650.22,2950.55,2350.33,3250.44,2250.10
P00678,Pan Lactal Fargo Doble Fibra 600g,Panificados,1400.33,1600.10,1150.55,1800.22,1050.44
P00679,Pan Lactal Bimbo Doble Fibra 600g,Panificados,1450.22,1650.55,1200.33,1850.44,1100.10
P00680,Producto Único 00129,Panificados,1300.33,1500.10,1050.55,1700.22,980.44
P00681,Bizcochitos Don Satur Hojaldrados 200g,Panificados,950.22,1150.55,780.33,1350.44,720.10
P00682,Galletitas Sonrisas Chocolate 118g,Panificados,1100.33,1300.10,900.55,1500.22,850.44
P00683,Galletitas Sonrisas Vainilla 118g,Panificados,1100.22,1300.55,900.33,1500.44,850.10
P00684,Galletitas Opera Chocolate 100g,Panificados,850.33,1050.10,700.55,1250.22,650.44
P00685,Detergente Magistral Ultra 750ml,Limpieza,1950.22,2250.55,1650.33,2550.44,1550.10
P00686,Detergente Zorro Limón 750ml,Limpieza,1700.33,2000.10,1500.55,2300.22,1400.44
P00687,Limpiador Poett Bebé 900ml,Limpieza,2000.22,2300.55,1750.33,2600.44,1650.10
P00688,Producto Único 00130,Limpieza,1750.33,2050.10,1550.55,2350.22,1450.44
P00689,Suavizante Vivere Coco 900ml,Limpieza,2400.22,2700.55,2100.33,3000.44,2000.10
P00690,Suavizante Comfort Bebé 900ml,Limpieza,2350.33,2650.10,2050.55,2950.22,1950.44
P00691,Producto Único 00131,Limpieza,2700.22,3000.55,2400.33,3300.44,2300.10
P00692,Producto Único 00132,Limpieza,2650.33,2950.10,2350.55,3250.22,2250.44
P00693,Shampoo Plusbelle Coco 1L,Higiene,1500.22,1750.55,1300.33,1950.44,1200.10
P00694,Shampoo Plusbelle Manzanilla 1L,Higiene,1500.33,1750.10,1300.55,1950.22,1200.44
P00695,Shampoo Elvive Reparación Total 400ml,Higiene,2600.22,2900.55,2300.33,3200.44,2200.10
P00696,Acondicionador Elvive Reparación Total 400ml,Higiene,2700.33,3000.10,2400.55,3300.22,2300.44
P00697,Acondicionador Plusbelle Coco 1L,Higiene,1550.22,1800.55,1350.33,2000.44,1250.10
P00698,Jabón Dove Granada 90g,Higiene,720.33,880.10,600.55,980.22,540.44
P00699,Jabón Rexona Bamboo 90g,Higiene,680.22,820.55,580.33,920.44,520.10
P00700,Producto Único 00133,Higiene,2000.33,2300.10,1700.55,2600.22,1600.44
P00701,Desodorante Rexona Men Turbo 150ml,Higiene,1900.22,2200.55,1600.33,2500.44,1500.10
P00702,Pasta Dental Colgate Herbal 90g,Higiene,900.33,1050.10,750.55,1250.22,700.44
P00703,Pasta Dental Sensodyne Repair 90g,Higiene,2000.22,2300.55,1700.33,2600.44,1600.10
P00704,Enjuague Bucal Listerine Zero 250ml,Higiene,1700.33,2000.10,1500.55,2300.22,1400.44
P00705,Toallas Femeninas Always Ultrafina Día 8u,Higiene,1200.22,1450.55,950.33,1700.44,900.10
P00706,Toallas Femeninas Nosotras Ultrafina Día 8u,Higiene,1150.33,1400.10,900.55,1650.22,850.44
P00707,Pañales Pampers Premium RN 30u,Higiene,7200.22,7800.55,6400.33,8400.44,6200.10
P00708,Pañales Huggies Natural Care RN 30u,Higiene,7000.33,7600.10,6200.55,8200.22,6000.44
P00709,Crema Nivea Q10 Noche 100ml,Higiene,3600.22,4000.55,3200.33,4400.44,3100.10
P00710,Producto Único 00134,Higiene,2300.33,2600.10,2000.55,2900.22,1900.44
P00711,Producto Único 00135,Higiene,4200.22,4600.55,3600.33,5000.44,3500.10
P00712,Producto Único 00136,Higiene,3900.33,4300.10,3500.55,4700.22,3400.44
P00713,Helado Grido Limón 1L,Congelados,2400.22,2700.55,2000.33,3000.44,1900.10
P00714,Helado Arcor Frutos Rojos 1L,Congelados,2600.33,2900.10,2200.55,3200.22,2100.44
P00715,Helado La Veneciana Sambayón 1L,Congelados,2700.22,3000.55,2300.33,3300.44,2200.10
P00716,Patitas Sadia Kids 500g,Congelados,3300.33,3600.10,2900.55,3900.22,2800.44
P00717,Papas McCain Corte Americano 1Kg,Congelados,2700.22,3000.55,2300.33,3300.44,2200.10
P00718,Medallones Swift Light 4u,Congelados,2950.33,3250.10,2550.55,3550.22,2450.44
P00719,Vegetales Arcor Mix Primavera 500g,Congelados,1850.22,2150.55,1550.33,2450.44,1450.10
P00720,Helado Frigor Limón 1L,Congelados,2400.33,2700.10,2000.55,3000.22,1900.44
P00721,Helado Grido Chocolate Suizo 1L,Congelados,2750.22,3050.55,2350.33,3350.44,2250.10
P00722,Helado Arcor Dulce de Leche Cremoso 1L,Congelados,2800.33,3100.10,2400.55,3400.22,2300.44
P00723,Producto Único 00137,Congelados,2450.22,2750.55,2050.33,3050.44,1950.10
P00724,Producto Único 00138,Congelados,2850.33,3150.10,2450.55,3450.22,2350.44
P00725,Helado Grido Maracuyá 1L,Congelados,2600.22,2900.55,2200.33,3200.44,2100.10
P00726,Leche Sancor Descremada 1L,Lácteos,1350.22,1500.55,1180.33,1650.44,1100.10
P00727,Leche Verónica Descremada 1L,Lácteos,1320.33,1480.10,1150.55,1600.22,1080.44
P00728,Yogur Yogs Vainilla 180g,Lácteos,700.22,840.55,580.33,960.44,540.10
P00729,Yogur Ser Proteína 180g,Lácteos,950.33,1100.10,820.55,1250.22,780.44
P00730,Queso Pategrás La Serenísima 1Kg,Lácteos,4500.22,4900.55,4100.33,5300.44,3900.10
P00731,Queso Gouda Milkaut 1Kg,Lácteos,4400.33,4800.10,4000.55,5200.22,3800.44
P00732,Manteca Tregar 200g,Lácteos,1780.22,2080.55,1580.33,2380.44,1480.10
P00733,Crema de Leche Milkaut 330cc,Lácteos,1400.33,1600.10,1250.55,1800.22,1150.44
P00734,Yerba Playadito Tradicional 1Kg,Almacén,3300.22,3100.55,4000.33,3800.44,2950.10
P00735,Yerba Kraus Orgánica 1Kg,Almacén,4200.33,3900.10,4600.55,4400.22,3500.44
P00736,Aceite Oliva Natura Selección 500ml,Almacén,4500.22,4800.55,4100.33,5200.44,3900.10
P00737,Aceite Oliva Zuelo Clásico 1L,Almacén,6500.33,6900.10,6000.55,7200.22,5800.44
P00738,Arroz Gallo Integral Mix 1Kg,Almacén,1300.22,1450.55,1100.33,1600.44,1000.10
P00739,Fideos Knorr Coditos 500g,Almacén,820.33,950.10,700.55,1100.22,650.44
P00740,Fideos Lucchetti Rigatti 500g,Almacén,780.22,900.55,650.33,1050.44,600.10
P00741,Harina Pureza Multicereal 1Kg,Almacén,900.33,1050.10,800.55,1200.22,750.44
P00742,Harina Blancaflor Integral Fina 1Kg,Almacén,880.22,1020.55,780.33,1180.44,720.10
P00743,Azúcar Dominó Light 1Kg,Almacén,800.33,930.10,680.55,1080.22,630.44
P00744,Sal Celusal Marina 500g,Almacén,360.22,440.55,290.33,520.44,260.10
P00745,Gaseosa Schweppes Tónica 1.5L,Bebidas,1850.33,2100.10,1650.55,2350.22,1550.44
P00746,Gaseosa Paso de los Toros Lima Limón 2.25L,Bebidas,2100.22,2400.55,1850.33,2600.44,1750.10
P00747,Gaseosa Sprite Lima 2.25L,Bebidas,2200.33,2500.10,1900.55,2700.22,1800.44
P00748,Agua Mineral Glaciar 500ml,Bebidas,450.22,600.55,350.33,750.44,300.10
P00749,Jugo Baggio Manzana 1L,Bebidas,880.33,1050.10,720.55,1200.22,680.44
P00750,Jugo Cepita Pera 1L,Bebidas,900.22,1050.55,720.33,1200.44,680.10
P00751,Cerveza Patagonia Weisse 730ml,Bebidas,2700.33,3000.10,2400.55,3300.22,2300.44
P00752,Cerveza Patagonia Porter 730ml,Bebidas,2750.22,3050.55,2450.33,3350.44,2350.10
P00753,Pan Lactal Fargo Salvado 600g,Panificados,1350.33,1550.10,1100.55,1750.22,1000.44
P00754,Pan Lactal Bimbo Salvado 600g,Panificados,1380.22,1580.55,1130.33,1780.44,1030.10
P00755,Pan de Campo Bimbo Integral 500g,Panificados,1320.33,1520.10,1080.55,1720.22,1000.44
P00756,Bizcochitos Don Satur Semillas 200g,Panificados,980.22,1180.55,820.33,1380.44,760.10
P00757,Galletitas Sonrisas Frutilla 118g,Panificados,1100.33,1300.10,900.55,1500.22,850.44
P00758,Galletitas Opera Vainilla 100g,Panificados,850.22,1050.55,700.33,1250.44,650.10
P00759,Galletitas Lincoln Chocolate 100g,Panificados,900.33,1100.10,750.55,1300.22,700.44
P00760,Detergente Magistral Ultra Coco 750ml,Limpieza,1950.22,2250.55,1650.33,2550.44,1550.10
P00761,Detergente Zorro Original 750ml,Limpieza,1700.33,2000.10,1500.55,2300.22,1400.44
P00762,Producto Único 00139,Limpieza,2000.22,2300.55,1750.33,2600.44,1650.10
P00763,Producto Único 00140,Limpieza,1750.33,2050.10,1550.55,2350.22,1450.44
P00764,Suavizante Vivere Floral 900ml,Limpieza,2400.22,2700.55,2100.33,3000.44,2000.10
P00765,Suavizante Comfort Coco 900ml,Limpieza,2350.33,2650.10,2050.55,2950.22,1950.44
P00766,Producto Único 00141,Limpieza,2700.22,3000.55,2400.33,3300.44,2300.10
P00767,Desinfectante Ayudín Bebé 360ml,Limpieza,2650.33,2950.10,2350.55,3250.22,2250.44
P00768,Shampoo Plusbelle Frutal 1L,Higiene,1500.22,1750.55,1300.33,1950.44,1200.10
P00769,Shampoo Elvive Nutrición 400ml,Higiene,2600.33,2900.10,2300.55,3200.22,2200.44
P00770,Acondicionador Elvive Nutrición 400ml,Higiene,2700.22,3000.55,2400.33,3300.44,2300.10
P00771,Acondicionador Plusbelle Manzanilla 1L,Higiene,1550.33,1800.10,1350.55,2000.22,1250.44
P00772,Jabón Dove Pepino 90g,Higiene,720.22,880.55,600.33,980.44,540.10
P00773,Jabón Rexona Fresh Men 90g,Higiene,680.33,820.10,580.55,920.22,520.44
P00774,Producto Único 00142,Higiene,2000.22,2300.55,1700.33,2600.44,1600.10
P00775,Producto Único 00143,Higiene,1900.33,2200.10,1600.55,2500.22,1500.44
P00776,Pasta Dental Colgate Triple Fresh 90g,Higiene,950.22,1100.55,780.33,1300.44,720.10
P00777,Pasta Dental Sensodyne Whitening 90g,Higiene,2000.33,2300.10,1700.55,2600.22,1600.44
P00778,Enjuague Bucal Listerine Menta Suave 250ml,Higiene,1700.22,2000.55,1500.33,2300.44,1400.10
P00779,Toallas Femeninas Always Día Plus 8u,Higiene,1200.33,1450.10,950.55,1700.22,900.44
P00780,Toallas Femeninas Nosotras Día Plus 8u,Higiene,1150.22,1400.55,900.33,1650.44,850.10
P00781,Pañales Pampers Premium XXG 30u,Higiene,7200.33,7800.10,6400.55,8400.22,6200.44
P00782,Pañales Huggies Active Sec XXG 30u,Higiene,7000.22,7600.55,6200.33,8200.44,6000.10
P00783,Crema Nivea Soft Aloe 100ml,Higiene,1800.33,2100.10,1500.55,2400.22,1400.44
P00784,Crema Dove Nutrición Intensiva 200ml,Higiene,2300.22,2600.55,2000.33,2900.44,1900.10
P00785,Producto Único 00144,Higiene,4300.33,4700.10,3600.55,5100.22,3500.44
P00786,Protector Solar Dermaglós FPS70 200ml,Higiene,5200.22,5600.55,4400.33,6000.44,4300.10
P00787,Helado Grido Tiramisú 1L,Congelados,2800.33,3100.10,2400.55,3400.22,2300.44
P00788,Helado Arcor Banana Split 1L,Congelados,2700.22,3000.55,2300.33,3300.44,2200.10
P00789,Helado La Veneciana Chocolate Blanco 1L,Congelados,2850.33,3150.10,2450.55,3450.22,2350.44
P00790,Patitas Granja del Sol Kids 500g,Congelados,3300.22,3600.55,2900.33,3900.44,2800.10
P00791,Papas McCain Saborizadas 1Kg,Congelados,2800.33,3100.10,2400.55,3400.22,2300.44
P00792,Medallones Sadia Vegetales 4u,Congelados,3100.22,3400.55,2700.33,3700.44,2600.10
P00793,Vegetales Arcor Mix Oriental 500g,Congelados,1900.33,2200.10,1600.55,2500.22,1500.44
P00794,Helado Frigor Crema Rusa 1L,Congelados,2650.22,2950.55,2250.33,3250.44,2150.10
P00795,Helado Grido Dulce de Leche Granizado 1L,Congelados,2750.33,3050.10,2350.55,3350.22,2250.44
P00796,Helado Arcor Limón Light 1L,Congelados,2400.22,2700.55,2000.33,3000.44,1900.10
P00797,Helado La Veneciana Frutos Tropicales 1L,Congelados,2600.33,2900.10,2200.55,3200.22,2100.44
P00798,Helado Frigor Chocolate Suizo 1L,Congelados,2900.22,3200.55,2500.33,3500.44,2400.10
P00799,Helado Grido Crema Americana Light 1L,Congelados,2500.33,2800.10,2100.55,3100.22,2000.44
P00800,Helado Arcor Maracuyá 1L,Congelados,2700.22,3000.55,2300.33,3300.44,2200.10
P00801,Producto Único 00145,Lácteos,1350.22,1500.55,1180.33,1650.44,1100.10
P00802,Producto Único 00146,Lácteos,1320.33,1480.10,1150.55,1600.22,1080.44
P00803,Yogur Ser Natural Proteína 180g,Lácteos,980.22,1120.55,850.33,1250.44,800.10
P00804,Producto Único 00147,Lácteos,2100.33,2400.10,1850.55,2600.22,1750.44
P00805,Queso Reggianito Tregar 300g,Lácteos,2600.22,2900.55,2300.33,3200.44,2200.10
P00806,Queso Sardo La Serenísima 300g,Lácteos,2700.33,3000.10,2400.55,3300.22,2300.44
P00807,Manteca Sancor Sin Sal 200g,Lácteos,1800.22,2100.55,1600.33,2400.44,1500.10
P00808,Crema de Leche Tregar 200cc,Lácteos,950.33,1100.10,820.55,1300.22,760.44
P00809,Yerba Romance Suave 1Kg,Almacén,3000.22,2800.55,3600.33,3400.44,2600.10
P00810,Yerba La Tranquera 1Kg,Almacén,3100.33,2900.10,3800.55,3600.22,2700.44
P00811,Aceite Oliva Borges Clásico 500ml,Almacén,4200.22,4500.55,3800.33,4900.44,3600.10
P00812,Aceite Oliva Oliovita Intenso 500ml,Almacén,4300.33,4600.10,3900.55,5000.22,3700.44
P00813,Producto Único 00148,Almacén,1300.22,1450.55,1100.33,1600.44,1000.10
P00814,Fideos Knorr Rigatti 500g,Almacén,820.33,950.10,700.55,1100.22,650.44
P00815,Fideos Lucchetti Spaghetti Integral 500g,Almacén,850.22,980.55,720.33,1150.44,680.10
P00816,Producto Único 00149,Almacén,900.33,1050.10,800.55,1200.22,750.44
P00817,Producto Único 00150,Almacén,880.22,1020.55,780.33,1180.44,720.10
P00818,Azúcar Dominó Orgánica 1Kg,Almacén,950.33,1100.10,820.55,1300.22,780.44
P00819,Sal Dos Anclas Marina Fina 500g,Almacén,360.22,440.55,290.33,520.44,260.10
P00820,Gaseosa Schweppes Pomelo Zero 1.5L,Bebidas,1900.33,2150.10,1700.55,2400.22,1600.44
P00821,Gaseosa Paso de los Toros Pomelo Zero 2.25L,Bebidas,2100.22,2400.55,1850.33,2600.44,1750.10
P00822,Gaseosa Sprite Zero Lima 2.25L,Bebidas,2200.33,2500.10,1900.55,2700.22,1800.44
P00823,Agua Mineral Glaciar Sin Gas 2L,Bebidas,900.22,1100.55,750.33,1300.44,700.10
P00824,Jugo Baggio Multifruta Light 1L,Bebidas,880.33,1050.10,720.55,1200.22,680.44
P00825,Jugo Cepita Naranja Light 1L,Bebidas,900.22,1050.55,720.33,1200.44,680.10
P00826,Cerveza Patagonia Amber Lager 473ml,Bebidas,1800.33,2100.10,1600.55,2400.22,1500.44
P00827,Cerveza Patagonia Weisse 473ml,Bebidas,1850.22,2150.55,1650.33,2450.44,1550.10
P00828,Pan Lactal Fargo Integral Light 600g,Panificados,1400.33,1600.10,1150.55,1800.22,1050.44
P00829,Pan Lactal Bimbo Integral Light 600g,Panificados,1450.22,1650.55,1200.33,1850.44,1100.10
P00830,Pan de Campo Lactal Semillas 500g,Panificados,1350.33,1550.10,1100.55,1750.22,1000.44
P00831,Bizcochitos Don Satur Mix Semillas 200g,Panificados,980.22,1180.55,820.33,1380.44,760.10
P00832,Galletitas Sonrisas Chocolate Blanco 118g,Panificados,1150.33,1350.10,950.55,1550.22,900.44
P00833,Galletitas Opera Frutilla 100g,Panificados,850.22,1050.55,700.33,1250.44,650.10
P00834,Galletitas Lincoln Vainilla 100g,Panificados,900.33,1100.10,750.55,1300.22,700.44
P00835,Detergente Magistral Ultra Limón 750ml,Limpieza,1950.22,2250.55,1650.33,2550.44,1550.10
P00836,Detergente Zorro Coco 750ml,Limpieza,1700.33,2000.10,1500.55,2300.22,1400.44
P00837,Limpiador Poett Primavera Suave 900ml,Limpieza,2000.22,2300.55,1750.33,2600.44,1650.10
P00838,Limpiador Ayudín Cocina Ultra 500ml,Limpieza,1750.33,2050.10,1550.55,2350.22,1450.44
P00839,Suavizante Vivere Coco Suave 900ml,Limpieza,2400.22,2700.55,2100.33,3000.44,2000.10
P00840,Suavizante Comfort Bebé Suave 900ml,Limpieza,2350.33,2650.10,2050.55,2950.22,1950.44
P00841,Desinfectante Lysoform Bebé Suave 360ml,Limpieza,2700.22,3000.55,2400.33,3300.44,2300.10
P00842,Desinfectante Ayudín Floral Suave 360ml,Limpieza,2650.33,2950.10,2350.55,3250.22,2250.44
P00843,Shampoo Plusbelle Coco Suave 1L,Higiene,1500.22,1750.55,1300.33,1950.44,1200.10
P00844,Shampoo Elvive Reparación Suave 400ml,Higiene,2600.33,2900.10,2300.55,3200.22,2200.44
P00845,Acondicionador Elvive Reparación Suave 400ml,Higiene,2700.22,3000.55,2400.33,3300.44,2300.10
P00846,Acondicionador Plusbelle Coco Suave 1L,Higiene,1550.33,1800.10,1350.55,2000.22,1250.44
P00847,Jabón Dove Granada Suave 90g,Higiene,720.22,880.55,600.33,980.44,540.10
P00848,Jabón Rexona Bamboo Suave 90g,Higiene,680.33,820.10,580.55,920.22,520.44
P00849,Producto Único 00151,Higiene,2000.22,2300.55,1700.33,2600.44,1600.10
P00850,Producto Único 00152,Higiene,1900.33,2200.10,1600.55,2500.22,1500.44
P00851,Pasta Dental Colgate Herbal Fresh 90g,Higiene,900.33,1050.10,750.55,1250.22,700.44
P00852,Pasta Dental Sensodyne Repair Fresh 90g,Higiene,2000.22,2300.55,1700.33,2600.44,1600.10
P00853,Enjuague Bucal Listerine Zero Suave 250ml,Higiene,1700.33,2000.10,1500.55,2300.22,1400.44
P00854,Toallas Femeninas Always Día Suave 8u,Higiene,1200.22,1450.55,950.33,1700.44,900.10
P00855,Toallas Femeninas Nosotras Día Suave 8u,Higiene,1150.33,1400.10,900.55,1650.22,850.44
P00856,Pañales Pampers Premium RN+ 30u,Higiene,7200.22,7800.55,6400.33,8400.44,6200.10
P00857,Pañales Huggies Natural Care RN+ 30u,Higiene,7000.33,7600.10,6200.55,8200.22,6000.44
P00858,Crema Nivea Q10 Día 100ml,Higiene,3600.22,4000.55,3200.33,4400.44,3100.10
P00859,Crema Dove Nutrición Suave 200ml,Higiene,2300.33,2600.10,2000.55,2900.22,1900.44
P00860,Producto Único 00153,Higiene,3900.22,4300.55,3500.33,4700.44,3400.10
P00861,Protector Solar Dermaglós FPS30 Kids 200ml,Higiene,4500.33,4900.10,3800.55,5300.22,3700.44
P00862,Helado Grido Tiramisú Light 1L,Congelados,2800.22,3100.55,2400.33,3400.44,2300.10
P00863,Helado Arcor Banana Split Light 1L,Congelados,2700.33,3000.10,2300.55,3300.22,2200.44
P00864,Helado La Veneciana Chocolate Light 1L,Congelados,2850.22,3150.55,2450.33,3450.44,2350.10
P00865,Patitas Granja del Sol Sin TACC 500g,Congelados,3400.33,3700.10,3000.55,4000.22,2900.44
P00866,Papas McCain Corte Fino Light 1Kg,Congelados,2650.22,2950.55,2250.33,3250.44,2150.10
P00867,Medallones Sadia Pollo Light 4u,Congelados,3100.33,3400.10,2700.55,3700.22,2600.44
P00868,Vegetales Arcor Mix Mediterráneo 500g,Congelados,1900.22,2200.55,1600.33,2500.44,1500.10
P00869,Helado Frigor Crema Americana Light 1L,Congelados,2500.33,2800.10,2100.55,3100.22,2000.44
P00870,Helado Grido Chocolate Amargo 1L,Congelados,2900.22,3200.55,2500.33,3500.44,2400.10
P00871,Helado Arcor Frutos Tropicales Light 1L,Congelados,2600.33,2900.10,2200.55,3200.22,2100.44
P00872,Helado La Veneciana Limón Suave 1L,Congelados,2400.22,2700.55,2000.33,3000.44,1900.10
P00873,Helado Frigor Chocolate Blanco Light 1L,Congelados,2850.33,3150.10,2450.55,3450.22,2350.44
P00874,Helado Grido Americana Suave 1L,Congelados,2500.22,2800.55,2100.33,3100.44,2000.10
P00875,Helado Arcor Maracuyá Light 1L,Congelados,2700.33,3000.10,2300.55,3300.22,2200.44
P00876,Leche Sancor Extra Calcio 1L,Lácteos,1400.22,1550.55,1250.33,1700.44,1180.10
P00877,Leche Verónica Ultra 1L,Lácteos,1380.33,1520.10,1220.55,1680.22,1150.44
P00878,Yogur Yogs Frutos Rojos 180g,Lácteos,720.22,860.55,600.33,980.44,560.10
P00879,Yogur Ser Frutilla Light 180g,Lácteos,780.33,920.10,650.55,1050.22,600.44
P00880,Queso Cremoso Sancor 500g,Lácteos,2100.22,2400.55,1850.33,2600.44,1750.10
P00881,Queso Port Salut Tregar 500g,Lácteos,2200.33,2500.10,1950.55,2700.22,1850.44
P00882,Manteca Milkaut Light 200g,Lácteos,1750.22,2050.55,1550.33,2350.44,1450.10
P00883,Crema de Leche La Serenísima 330cc,Lácteos,1450.33,1650.10,1300.55,1850.22,1200.44
P00884,Yerba CBSé Naranja 1Kg,Almacén,3200.22,3000.55,3900.33,3700.44,2800.10
P00885,Yerba Amanda Campo 1Kg,Almacén,3100.33,2900.10,3800.55,3600.22,2700.44
P00886,Aceite Oliva Cocinero 500ml,Almacén,3500.22,3800.55,3100.33,4200.44,3000.10
P00887,Aceite Oliva Borges Intenso 500ml,Almacén,4400.33,4700.10,4000.55,5100.22,3800.44
P00888,Arroz Dos Hermanos Largo Fino 1Kg,Almacén,1100.22,1250.55,900.33,1400.44,850.10
P00889,Fideos Knorr Tirabuzón 500g,Almacén,820.33,950.10,700.55,1100.22,650.44
P00890,Fideos Lucchetti Coditos Integral 500g,Almacén,850.22,980.55,720.33,1150.44,680.10
P00891,Harina Pureza Leudante Light 1Kg,Almacén,750.33,900.10,600.55,1050.22,550.44
P00892,Harina Blancaflor 000 Light 1Kg,Almacén,720.22,880.55,580.33,1000.44,530.10
P00893,Azúcar Ledesma Orgánica 1Kg,Almacén,950.33,1100.10,820.55,1300.22,780.44
P00894,Sal Dos Anclas Parrillera Light 500g,Almacén,360.22,440.55,290.33,520.44,260.10
P00895,Gaseosa Coca Cola Sin Cafeína 2.25L,Bebidas,2300.33,2600.10,2000.55,2800.22,1900.44
P00896,Gaseosa Pepsi Sin Azúcar 2.25L,Bebidas,2200.22,2500.55,1950.33,2700.44,1850.10
P00897,Gaseosa Manaos Cola Light 2.25L,Bebidas,1600.33,1800.10,1400.55,2000.22,1300.44
P00898,Agua Mineral Eco de los Andes 500ml,Bebidas,480.22,620.55,380.33,780.44,330.10
P00899,Jugo Baggio Pera 1L,Bebidas,880.33,1050.10,720.55,1200.22,680.44
P00900,Jugo Cepita Manzana Light 1L,Bebidas,900.22,1050.55,720.33,1200.44,680.10
P00901,Cerveza Andes Origen Rubia 1L,Bebidas,2000.33,2300.10,1750.55,2600.22,1650.44
P00902,Cerveza Andes Origen Roja 1L,Bebidas,2050.22,2350.55,1800.33,2650.44,1700.10
P00903,Pan Lactal Fargo Sin TACC 600g,Panificados,1500.33,1700.10,1300.55,1900.22,1200.44
P00904,Pan Lactal Bimbo Sin TACC 600g,Panificados,1550.22,1750.55,1350.33,1950.44,1250.10
P00905,Pan de Campo Lactal Light 500g,Panificados,1350.33,1550.10,1100.55,1750.22,1000.44
P00906,Bizcochitos Don Satur Sin Sal 200g,Panificados,900.22,1100.55,750.33,1300.44,700.10
P00907,Galletitas Sonrisas Dulce de Leche 118g,Panificados,1150.33,1350.10,950.55,1550.22,900.44
P00908,Galletitas Opera Limón 100g,Panificados,850.22,1050.55,700.33,1250.44,650.10
P00909,Galletitas Lincoln Chocolate Blanco 100g,Panificados,900.33,1100.10,750.55,1300.22,700.44
P00910,Detergente Magistral Ultra Manzana 750ml,Limpieza,1950.22,2250.55,1650.33,2550.44,1550.10
P00911,Detergente Zorro Floral 750ml,Limpieza,1700.33,2000.10,1500.55,2300.22,1400.44
P00912,Limpiador Poett Cítrico 900ml,Limpieza,2000.22,2300.55,1750.33,2600.44,1650.10
P00913,Limpiador Ayudín Vidrios Ultra 500ml,Limpieza,1750.33,2050.10,1550.55,2350.22,1450.44
P00914,Suavizante Vivere Primavera Suave 900ml,Limpieza,2400.22,2700.55,2100.33,3000.44,2000.10
P00915,Suavizante Comfort Primavera Suave 900ml,Limpieza,2350.33,2650.10,2050.55,2950.22,1950.44
P00916,Desinfectante Lysoform Original Suave 360ml,Limpieza,2700.22,3000.55,2400.33,3300.44,2300.10
P00917,Desinfectante Ayudín Original Suave 360ml,Limpieza,2650.33,2950.10,2350.55,3250.22,2250.44
P00918,Shampoo Plusbelle Keratina 1L,Higiene,1600.22,1850.55,1400.33,2050.44,1300.10
P00919,Shampoo Elvive Hidra Hialurónico 400ml,Higiene,2700.33,3000.10,2400.55,3300.22,2300.44
P00920,Acondicionador Elvive Hidra Hialurónico 400ml,Higiene,2800.22,3100.55,2500.33,3400.44,2400.10
P00921,Acondicionador Plusbelle Keratina 1L,Higiene,1650.33,1900.10,1450.55,2100.22,1350.44
P00922,Jabón Dove Almendra 90g,Higiene,720.22,880.55,600.33,980.44,540.10
P00923,Jabón Rexona Verbena 90g,Higiene,680.33,820.10,580.55,920.22,520.44
P00924,Desodorante Dove Men Sport Fresh 150ml,Higiene,2000.22,2300.55,1700.33,2600.44,1600.10
P00925,Desodorante Rexona Men Active Fresh 150ml,Higiene,1900.33,2200.10,1600.55,2500.22,1500.44
P00926,Pasta Dental Colgate Menta Suave 90g,Higiene,900.33,1050.10,750.55,1250.22,700.44
P00927,Pasta Dental Sensodyne Rapid Relief 90g,Higiene,2000.22,2300.55,1700.33,2600.44,1600.10
P00928,Enjuague Bucal Listerine Herbal 250ml,Higiene,1700.33,2000.10,1500.55,2300.22,1400.44
P00929,Toallas Femeninas Always Nocturna Plus 8u,Higiene,1250.22,1500.55,1000.33,1750.44,950.10
P00930,Toallas Femeninas Nosotras Nocturna Plus 8u,Higiene,1180.33,1450.10,930.55,1680.22,880.44
P00931,Pañales Pampers Premium M 30u,Higiene,7000.22,7600.55,6200.33,8200.44,6000.10
P00932,Pañales Huggies Active Sec M 30u,Higiene,6800.33,7400.10,6000.55,8000.22,5800.44
P00933,Crema Nivea Q10 Antiarrugas 100ml,Higiene,3600.22,4000.55,3200.33,4400.44,3100.10
P00934,Crema Dove Hidratación Profunda 200ml,Higiene,2300.33,2600.10,2000.55,2900.22,1900.44
P00935,Protector Solar Nivea FPS70 200ml,Higiene,5200.22,5600.55,4400.33,6000.44,4300.10
P00936,Protector Solar Dermaglós FPS80 200ml,Higiene,5400.33,5800.10,4600.55,6200.22,4500.44
P00937,Helado Grido Dulce de Leche Light 1L,Congelados,2600.22,2900.55,2200.33,3200.44,2100.10
P00938,Helado Arcor Chocolate Amargo 1L,Congelados,2900.33,3200.10,2500.55,3500.22,2400.44
P00939,Helado La Veneciana Americana Suave 1L,Congelados,2500.22,2800.55,2100.33,3100.44,2000.10
P00940,Patitas Swift Sin TACC 500g,Congelados,3400.33,3700.10,3000.55,4000.22,2900.44
P00941,Papas McCain Corte Americano Light 1Kg,Congelados,2700.22,3000.55,2300.33,3300.44,2200.10
P00942,Medallones Sadia Pollo Sin TACC 4u,Congelados,3200.33,3500.10,2800.55,3800.22,2700.44
P00943,Vegetales Arcor Mix Primavera Light 500g,Congelados,1850.22,2150.55,1550.33,2450.44,1450.10
P00944,Producto Único 00154,Congelados,2600.33,2900.10,2200.55,3200.22,2100.44
P00945,Helado Grido Americana Zero 1L,Congelados,2500.22,2800.55,2100.33,3100.44,2000.10
P00946,Helado Arcor Frutilla Zero 1L,Congelados,2550.33,2850.10,2150.55,3150.22,2050.44
P00947,Helado La Veneciana Dulce de Leche Zero 1L,Congelados,2600.22,2900.55,2200.33,3200.44,2100.10
P00948,Helado Frigor Limón Zero 1L,Congelados,2400.33,2700.10,2000.55,3000.22,1900.44
P00949,Helado Grido Chocolate Blanco Zero 1L,Congelados,2850.22,3150.55,2450.33,3450.44,2350.10
P00950,Helado Arcor Maracuyá Zero 1L,Congelados,2700.33,3000.10,2300.55,3300.22,2200.44
P00951,Leche La Serenísima Kids 1L,Lácteos,1500.22,1650.55,1300.33,1800.44,1200.10
P00952,Leche Ilolay Fortificada 1L,Lácteos,1480.33,1620.10,1280.55,1780.22,1180.44
P00953,Yogur Yogs Durazno Light 180g,Lácteos,720.22,860.55,600.33,980.44,560.10
P00954,Yogur Ser Natural Sin Azúcar 180g,Lácteos,780.33,920.10,650.55,1050.22,600.44
P00955,Queso Finlandia Clásico 180g,Lácteos,2100.22,2400.55,1850.33,2600.44,1750.10
P00956,Queso Cremoso Milkaut Light 500g,Lácteos,2200.33,2500.10,1950.55,2700.22,1850.44
P00957,Manteca Sancor Extra 200g,Lácteos,1850.22,2150.55,1650.33,2450.44,1550.10
P00958,Crema de Leche Verónica Light 200cc,Lácteos,950.33,1100.10,820.55,1300.22,760.44
P00959,Yerba Unión Hierbas 1Kg,Almacén,3200.22,3000.55,3900.33,3700.44,2800.10
P00960,Yerba CBSé Silueta Naranja 1Kg,Almacén,3300.33,3100.10,4000.55,3800.22,2900.44
P00961,Aceite Oliva Zuelo Selección 500ml,Almacén,4500.22,4800.55,4100.33,5200.44,3900.10
P00962,Aceite Oliva Cocinero Intenso 500ml,Almacén,3500.33,3800.10,3100.55,4200.22,3000.44
P00963,Arroz Gallo Integral Plus 1Kg,Almacén,1300.22,1450.55,1100.33,1600.44,1000.10
P00964,Fideos Knorr Spaghetti Integral 500g,Almacén,850.33,980.10,720.55,1150.22,680.44
P00965,Fideos Lucchetti Rigatti Integral 500g,Almacén,820.22,950.55,700.33,1100.44,650.10
P00966,Harina Pureza Multicereal Light 1Kg,Almacén,900.33,1050.10,800.55,1200.22,750.44
P00967,Harina Blancaflor Integral Light 1Kg,Almacén,880.22,1020.55,780.33,1180.44,720.10
P00968,Azúcar Dominó Light Orgánica 1Kg,Almacén,950.33,1100.10,820.55,1300.22,780.44
P00969,Sal Dos Anclas Marina Light 500g,Almacén,360.22,440.55,290.33,520.44,260.10
P00970,Gaseosa Coca Cola Light 2.25L,Bebidas,2300.33,2600.10,2000.55,2800.22,1900.44
P00971,Gaseosa Pepsi Light 2.25L,Bebidas,2200.22,2500.55,1950.33,2700.44,1850.10
P00972,Gaseosa Manaos Naranja Light 2.25L,Bebidas,1600.33,1800.10,1400.55,2000.22,1300.44
P00973,Agua Mineral Villavicencio Sin Gas 500ml,Bebidas,480.22,620.55,380.33,780.44,330.10
P00974,Jugo Baggio Manzana Light 1L,Bebidas,880.33,1050.10,720.55,1200.22,680.44
P00975,Jugo Cepita Durazno Light 1L,Bebidas,900.22,1050.55,720.33,1200.44,680.10
P00976,Cerveza Andes Origen IPA 1L,Bebidas,2100.33,2400.10,1850.55,2700.22,1750.44
P00977,Cerveza Patagonia Amber Lager 1L,Bebidas,2200.22,2500.55,1950.33,2800.44,1850.10
P00978,Pan Lactal Fargo Integral Plus 600g,Panificados,1400.33,1600.10,1150.55,1800.22,1050.44
P00979,Pan Lactal Bimbo Integral Plus 600g,Panificados,1450.22,1650.55,1200.33,1850.44,1100.10
P00980,Producto Único 00155,Panificados,1350.33,1550.10,1100.55,1750.22,1000.44
P00981,Bizcochitos Don Satur Mix Integral 200g,Panificados,980.22,1180.55,820.33,1380.44,760.10
P00982,Galletitas Sonrisas Chocolate Suave 118g,Panificados,1150.33,1350.10,950.55,1550.22,900.44
P00983,Galletitas Opera Coco 100g,Panificados,850.22,1050.55,700.33,1250.44,650.10
P00984,Galletitas Lincoln Frutilla 100g,Panificados,900.33,1100.10,750.55,1300.22,700.44
P00985,Detergente Magistral Ultra Floral 750ml,Limpieza,1950.22,2250.55,1650.33,2550.44,1550.10
P00986,Detergente Zorro Ultra 750ml,Limpieza,1700.33,2000.10,1500.55,2300.22,1400.44
P00987,Limpiador Poett Bebé Suave 900ml,Limpieza,2000.22,2300.55,1750.33,2600.44,1650.10
P00988,Limpiador Ayudín Cocina Suave 500ml,Limpieza,1750.33,2050.10,1550.55,2350.22,1450.44
P00989,Suavizante Vivere Coco Ultra 900ml,Limpieza,2400.22,2700.55,2100.33,3000.44,2000.10
P00990,Suavizante Comfort Floral Ultra 900ml,Limpieza,2350.33,2650.10,2050.55,2950.22,1950.44
P00991,Desinfectante Lysoform Ultra 360ml,Limpieza,2700.22,3000.55,2400.33,3300.44,2300.10
P00992,Desinfectante Ayudín Ultra 360ml,Limpieza,2650.33,2950.10,2350.55,3250.22,2250.44
P00993,Shampoo Plusbelle Nutrición 1L,Higiene,1600.22,1850.55,1400.33,2050.44,1300.10
P00994,Shampoo Elvive Reparación Total 5 400ml,Higiene,2700.33,3000.10,2400.55,3300.22,2300.44
P00995,Acondicionador Elvive Reparación Total 5 400ml,Higiene,2800.22,3100.55,2500.33,3400.44,2400.10
P00996,Acondicionador Plusbelle Nutrición 1L,Higiene,1650.33,1900.10,1450.55,2100.22,1350.44
P00997,Jabón Dove Granada Ultra 90g,Higiene,720.22,880.55,600.33,980.44,540.10
P00998,Jabón Rexona Verbena Ultra 90g,Higiene,680.33,820.10,580.55,920.22,520.44
P00999,Desodorante Dove Men Ultra Fresh 150ml,Higiene,2000.22,2300.55,1700.33,2600.44,1600.10
P01000,Desodorante Rexona Men Ultra Fresh 150ml,Higiene,1900.33,2200.10,1600.55,2500.22,1500.44
